# This file is brought to you by Roblox Corporation
# Generated by Roblox Studio

mtllib pineapple.mtl

g Lolwhy1

v 0.00112234 -1.71817 -1.7507 
v 0.475756 -1.72032 -1.66401 
v 0.52067 -1.94542 -1.94982 
v 0.00112234 -1.94086 -2.13422 
v 0.884049 -1.72868 -1.32624 
v 0.956725 -1.95435 -1.58908 
v 1.24562 -1.74077 -0.838114 
v 1.34289 -1.96727 -1.06777 
v 1.54468 -1.75605 -0.220964 
v 1.66227 -1.98359 -0.408662 
v 0.462416 -2.25363 -1.98837 
v 0.00112234 -2.25857 -2.0752 
v 0.907644 -2.21896 -1.62218 
v 0.569753 -2.21002 -1.98291 
v 1.32503 -2.23185 -1.10086 
v 0.974585 -2.21896 -1.62218 
v 1.64845 -2.24683 -0.496268 
v 1.35671 -2.2332 -1.04634 
v 0.462416 -2.25363 -1.98837 
v 0.52067 -1.94542 -1.94982 
v 0.513659 -1.95778 -1.87839 
v 0.472883 -2.26593 -1.91566 
v 0.569753 -2.21002 -1.98291 
v 0.523109 -2.22244 -1.91294 
v 0.907644 -2.21896 -1.62218 
v 0.956725 -1.95435 -1.58908 
v 0.945476 -1.96673 -1.52134 
v 0.913951 -2.23126 -1.55218 
v 0.974585 -2.21896 -1.62218 
v 0.940179 -2.23132 -1.55708 
v 1.32503 -2.23185 -1.10086 
v 1.34289 -1.96727 -1.06777 
v 1.32818 -1.97922 -1.00461 
v 1.32828 -2.24398 -1.03573 
v 1.35671 -2.2332 -1.04634 
v 1.3277 -2.24525 -0.98512 
v 1.64005 -2.2582 -0.434957 
v 1.64845 -2.24683 -0.496268 
v 1.66227 -1.98359 -0.408662 
v 1.6462 -1.99594 -0.347854 
v 1.64845 -2.24683 -0.496268 
v 1.64005 -2.2582 -0.434957 
v 0.427804 -2.27502 -1.82684 
v 0.477194 -1.96089 -1.75338 
v 0.553563 -2.22678 -1.73721 
v 0.832354 -2.23312 -1.47789 
v 0.909008 -1.96983 -1.39633 
v 0.924564 -2.23441 -1.43207 
v 1.27501 -2.24708 -0.910721 
v 1.29171 -1.98232 -0.8796 
v 1.30436 -2.24834 -0.860108 
v 1.59609 -2.26218 -0.310064 
v 1.60973 -1.99904 -0.222843 
v 1.59609 -2.26218 -0.310064 
v 0.457249 -1.72199 -1.59651 
v 0.865543 -1.73035 -1.25874 
v 1.22712 -1.74244 -0.770614 
v 1.52618 -1.75772 -0.153469 
v 0.436464 -1.72493 -1.47766 
v 0.831914 -1.73304 -1.15051 
v 1.18212 -1.74474 -0.67774 
v 1.47592 -1.7598 -0.0693816 
v 1.54468 -1.75605 -0.220964 
v 1.52618 -1.75772 -0.153469 
v 1.47592 -1.7598 -0.0693816 
v -0.518426 -1.94542 -1.94982 
v -0.473513 -1.72032 -1.66401 
v -0.95448 -1.95435 -1.58908 
v -0.881804 -1.72868 -1.32624 
v -1.34064 -1.96727 -1.06777 
v -1.24338 -1.74077 -0.838114 
v -1.66003 -1.98359 -0.408662 
v -1.54244 -1.75605 -0.220964 
v -0.460172 -2.25363 -1.98837 
v -0.905401 -2.21896 -1.62218 
v -0.567509 -2.21002 -1.98291 
v -1.32278 -2.23185 -1.10086 
v -0.97234 -2.21896 -1.62218 
v -1.6462 -2.24683 -0.496268 
v -1.35447 -2.2332 -1.04634 
v -0.511417 -1.95778 -1.87839 
v -0.518426 -1.94542 -1.94982 
v -0.460172 -2.25363 -1.98837 
v -0.47064 -2.26593 -1.91566 
v -0.0109163 -2.26593 -1.91566 
v -0.0212329 -2.27502 -1.82684 
v -0.520865 -2.22244 -1.91294 
v -0.567509 -2.21002 -1.98291 
v -0.943231 -1.96673 -1.52134 
v -0.95448 -1.95435 -1.58908 
v -0.905401 -2.21896 -1.62218 
v -0.911709 -2.23126 -1.55218 
v -0.937936 -2.23132 -1.55708 
v -0.97234 -2.21896 -1.62218 
v -1.32593 -1.97922 -1.00461 
v -1.34064 -1.96727 -1.06777 
v -1.32278 -2.23185 -1.10086 
v -1.32604 -2.24398 -1.03573 
v -1.32546 -2.24525 -0.98512 
v -1.35447 -2.2332 -1.04634 
v -1.63781 -2.2582 -0.434957 
v -1.64395 -1.99594 -0.347854 
v -1.66003 -1.98359 -0.408662 
v -1.6462 -2.24683 -0.496268 
v -0.425561 -2.27502 -1.82684 
v -0.474949 -1.96089 -1.75338 
v -0.551319 -2.22678 -1.73721 
v -0.83011 -2.23312 -1.47789 
v -0.906764 -1.96983 -1.39633 
v -0.922319 -2.23441 -1.43207 
v -1.27276 -2.24708 -0.910721 
v -1.28947 -1.98232 -0.8796 
v -1.30211 -2.24834 -0.860108 
v -1.59385 -2.26218 -0.310064 
v -1.60749 -1.99904 -0.222843 
v -0.455004 -1.72199 -1.59651 
v -0.863298 -1.73035 -1.25874 
v -1.22488 -1.74244 -0.770614 
v -1.52394 -1.75772 -0.153469 
v -0.434221 -1.72493 -1.47766 
v -0.829669 -1.73304 -1.15051 
v -1.17987 -1.74474 -0.67774 
v -1.47367 -1.7598 -0.0693816 
v -1.52394 -1.75772 -0.153469 
v -1.54244 -1.75605 -0.220964 
v -1.47367 -1.7598 -0.0693816 
v 0.00112234 -2.25857 -2.0752 
v -1.60749 -1.99904 -0.222843 
v -1.28947 -1.98232 -0.8796 
v -0.906764 -1.96983 -1.39633 
v -0.474949 -1.96089 -1.75338 
v -0.00915585 -1.97419 -1.78571 
v 0.477194 -1.96089 -1.75338 
v 0.909008 -1.96983 -1.39633 
v 1.29171 -1.98232 -0.8796 
v 1.60973 -1.99904 -0.222843 
v 1.30436 -2.24834 -0.860108 
v 1.59609 -2.26218 -0.310064 
v 0.924564 -2.23441 -1.43207 
v 1.27501 -2.24708 -0.910721 
v 0.553563 -2.22678 -1.73721 
v 0.832354 -2.23312 -1.47789 
v -0.0212329 -2.27502 -1.82684 
v 0.427804 -2.27502 -1.82684 
v -0.425561 -2.27502 -1.82684 
v -0.83011 -2.23312 -1.47789 
v -0.551319 -2.22678 -1.73721 
v -1.27276 -2.24708 -0.910721 
v -0.922319 -2.23441 -1.43207 
v -1.59385 -2.26218 -0.310064 
v -1.30211 -2.24834 -0.860108 
v -0.440965 -2.96184 -2.76621 
v -0.441364 -3.04857 -2.62392 
v -0.824077 -3.01386 -2.83453 
v -0.832058 -2.91996 -2.96916 
v 0.664169 -2.5598 0.585578 
v 0.484883 -2.64144 -0.818571 
v -0.214781 -2.49448 -0.673019 
v 0.0843703 -2.43713 0.706193 
v 0.612371 -2.84347 0.627444 
v 0.683105 -2.76033 0.736977 
v 0.075472 -2.52938 0.863383 
v 0.0324605 -2.61857 0.748082 
v 0.475875 -2.85164 -0.822514 
v 0.683105 -2.76033 0.736977 
v 0.612371 -2.84347 0.627444 
v 0.433233 -2.9244 -0.776737 
v 0.105167 -2.50074 -1.88761 
v -0.445446 -2.3857 -1.77306 
v 0.0552904 -2.6633 -1.84614 
v 0.0761985 -2.61146 -1.94384 
v -0.148703 -2.65419 -2.44643 
v -0.62972 -2.56551 -2.35995 
v -0.200077 -2.9358 -2.40465 
v -0.189697 -2.86407 -2.53119 
v -0.441824 -2.77544 -2.73708 
v -0.772425 -2.73089 -2.87637 
v 0.105167 -2.50074 -1.88761 
v 0.484883 -2.64144 -0.818571 
v 0.50183 -2.70542 -0.843251 
v 0.101831 -2.57364 -1.96308 
v 0.664169 -2.5598 0.585578 
v 0.708434 -2.61402 0.712337 
v 0.101552 -2.38291 0.838587 
v 0.708434 -2.61402 0.712337 
v -0.413641 -2.81445 -2.7846 
v -0.804785 -2.77405 -2.98767 
v -0.441824 -2.77544 -2.73708 
v -0.148703 -2.65419 -2.44643 
v -0.162775 -2.71705 -2.54994 
v -0.413641 -2.81445 -2.7846 
v -0.804785 -2.77405 -2.98767 
v -1.02256 -2.8418 -2.61511 
v -1.04267 -2.74747 -2.75316 
v -0.913556 -2.44101 -0.527655 
v -0.495102 -2.1786 0.826741 
v -0.531762 -2.35051 0.989706 
v -0.547037 -2.44568 0.868635 
v -0.970985 -2.33264 -0.521524 
v -0.946396 -2.63199 -0.489732 
v -0.547037 -2.44568 0.868635 
v -0.531762 -2.35051 0.989706 
v -0.975966 -2.2702 -1.6627 
v -1.02796 -2.44313 -1.62079 
v -1.05849 -2.37292 -1.70778 
v -1.0123 -2.32687 -2.28036 
v -1.09199 -2.52534 -2.35706 
v -1.06429 -2.61156 -2.23845 
v -0.970566 -2.55715 -2.65703 
v -0.962333 -2.31599 -0.538661 
v -0.913556 -2.44101 -0.527655 
v -0.975966 -2.2702 -1.6627 
v -1.03058 -2.33216 -1.72751 
v -0.504976 -2.2214 0.964762 
v -0.495102 -2.1786 0.826741 
v -0.504976 -2.2214 0.964762 
v -1.01521 -2.60216 -2.77157 
v -1.06428 -2.36221 -2.37598 
v -1.03058 -2.33216 -1.72751 
v -1.06428 -2.36221 -2.37598 
v -1.01521 -2.60216 -2.77157 
v -1.02256 -2.8418 -2.61511 
v -0.824077 -3.01386 -2.83453 
v -0.6034 -2.8014 -2.30531 
v -1.06429 -2.61156 -2.23845 
v -0.441364 -3.04857 -2.62392 
v -0.200077 -2.9358 -2.40465 
v 0.0552904 -2.6633 -1.84614 
v -0.497829 -2.56065 -1.73092 
v -1.02796 -2.44313 -1.62079 
v -0.261571 -2.76114 -0.624554 
v 0.433233 -2.9244 -0.776737 
v -0.946396 -2.63199 -0.489732 
v 0.463078 -2.97804 -1.8204 
v 0.423143 -3.16298 -1.63174 
v 0.00112234 -3.16475 -1.68896 
v 0.00112234 -2.98181 -1.94213 
v 0.850795 -2.97072 -1.58228 
v 0.786176 -3.1561 -1.40878 
v 1.19415 -2.96011 -1.23817 
v 1.10767 -3.14619 -1.08658 
v 1.47813 -2.9467 -0.8031 
v 1.37358 -3.13364 -0.679202 
v 0.411281 -2.72487 -1.84585 
v 0.00112234 -2.7208 -1.90316 
v 0.807155 -2.75335 -1.60413 
v 0.50672 -2.7607 -1.84224 
v 1.17827 -2.74275 -1.26001 
v 0.866675 -2.75335 -1.60413 
v 1.46584 -2.73045 -0.860929 
v 1.20644 -2.74163 -1.22402 
v 0.456845 -2.96789 -1.77325 
v 0.463078 -2.97804 -1.8204 
v 0.411281 -2.72487 -1.84585 
v 0.420589 -2.71474 -1.79785 
v 0.465246 -2.75049 -1.79605 
v 0.50672 -2.7607 -1.84224 
v 0.840791 -2.96055 -1.53756 
v 0.850795 -2.97072 -1.58228 
v 0.807155 -2.75335 -1.60413 
v 0.812765 -2.74323 -1.55792 
v 0.836083 -2.74319 -1.56115 
v 0.866675 -2.75335 -1.60413 
v 1.18107 -2.95027 -1.19648 
v 1.19415 -2.96011 -1.23817 
v 1.17827 -2.74275 -1.26001 
v 1.18116 -2.73279 -1.21702 
v 1.18065 -2.73175 -1.18361 
v 1.20644 -2.74163 -1.22402 
v 1.46384 -2.93655 -0.762961 
v 1.47813 -2.9467 -0.8031 
v 1.46584 -2.73045 -0.860929 
v 1.45837 -2.72111 -0.820456 
v 0.424419 -2.96536 -1.69073 
v 0.380506 -2.70729 -1.73922 
v 0.492323 -2.74692 -1.68006 
v 0.808367 -2.958 -1.45505 
v 0.74021 -2.74171 -1.50888 
v 0.822199 -2.74065 -1.47864 
v 1.13379 -2.73023 -1.1345 
v 1.14865 -2.94773 -1.11396 
v 1.15989 -2.7292 -1.10109 
v 1.41929 -2.71784 -0.738017 
v 1.43141 -2.93401 -0.680444 
v 0.406686 -3.1616 -1.58719 
v 0.76972 -3.15474 -1.36423 
v 1.09122 -3.1448 -1.04202 
v 1.35712 -3.13225 -0.634651 
v 0.388205 -3.1592 -1.50873 
v 0.73982 -3.15253 -1.29278 
v 1.0512 -3.14292 -0.980715 
v 1.31243 -3.13054 -0.579145 
v 1.35712 -3.13225 -0.634651 
v 1.37358 -3.13364 -0.679202 
v 1.31243 -3.13054 -0.579145 
v -0.420898 -3.16298 -1.63174 
v -0.460833 -2.97804 -1.8204 
v -0.783931 -3.1561 -1.40878 
v -0.84855 -2.97072 -1.58228 
v -1.10543 -3.14619 -1.08658 
v -1.1919 -2.96011 -1.23817 
v -1.37133 -3.13364 -0.679202 
v -1.47589 -2.9467 -0.8031 
v -0.409038 -2.72487 -1.84585 
v -0.804912 -2.75335 -1.60413 
v -0.504477 -2.7607 -1.84224 
v -1.17603 -2.74275 -1.26001 
v -0.86443 -2.75335 -1.60413 
v -1.46359 -2.73045 -0.860929 
v -1.2042 -2.74163 -1.22402 
v -0.409038 -2.72487 -1.84585 
v -0.460833 -2.97804 -1.8204 
v -0.4546 -2.96789 -1.77325 
v -0.418344 -2.71474 -1.79785 
v -0.00958251 -2.71474 -1.79785 
v -0.0187537 -2.70729 -1.73922 
v -0.504477 -2.7607 -1.84224 
v -0.463003 -2.75049 -1.79605 
v -0.804912 -2.75335 -1.60413 
v -0.84855 -2.97072 -1.58228 
v -0.838549 -2.96055 -1.53756 
v -0.81052 -2.74323 -1.55792 
v -0.86443 -2.75335 -1.60413 
v -0.83384 -2.74319 -1.56115 
v -1.17603 -2.74275 -1.26001 
v -1.1919 -2.96011 -1.23817 
v -1.17883 -2.95027 -1.19648 
v -1.17892 -2.73279 -1.21702 
v -1.2042 -2.74163 -1.22402 
v -1.1784 -2.73175 -1.18361 
v -1.46359 -2.73045 -0.860929 
v -1.47589 -2.9467 -0.8031 
v -1.4616 -2.93655 -0.762961 
v -1.45613 -2.72111 -0.820456 
v -0.422176 -2.96536 -1.69073 
v -0.378261 -2.70729 -1.73922 
v -0.49008 -2.74692 -1.68006 
v -0.806123 -2.958 -1.45505 
v -0.737967 -2.74171 -1.50888 
v -0.819954 -2.74065 -1.47864 
v -1.13155 -2.73023 -1.1345 
v -1.1464 -2.94773 -1.11396 
v -1.15765 -2.7292 -1.10109 
v -1.41705 -2.71784 -0.738017 
v -1.42917 -2.93401 -0.680444 
v -0.404441 -3.1616 -1.58719 
v -0.767478 -3.15474 -1.36423 
v -1.08897 -3.1448 -1.04202 
v -1.35488 -3.13225 -0.634651 
v -0.385962 -3.1592 -1.50873 
v -0.737575 -3.15253 -1.29278 
v -1.04896 -3.14292 -0.980715 
v -1.31019 -3.13054 -0.579145 
v -1.4616 -2.93655 -0.762961 
v -1.42917 -2.93401 -0.680444 
v 0.00112234 -2.7208 -1.90316 
v -1.1464 -2.94773 -1.11396 
v -0.806123 -2.958 -1.45505 
v -0.422176 -2.96536 -1.69073 
v -0.00801618 -2.95442 -1.71207 
v 0.424419 -2.96536 -1.69073 
v 0.808367 -2.958 -1.45505 
v 1.14865 -2.94773 -1.11396 
v 1.43141 -2.93401 -0.680444 
v 1.41929 -2.71784 -0.738017 
v 1.15989 -2.7292 -1.10109 
v 1.13379 -2.73023 -1.1345 
v 0.822199 -2.74065 -1.47864 
v 0.74021 -2.74171 -1.50888 
v 0.492323 -2.74692 -1.68006 
v 0.380506 -2.70729 -1.73922 
v -0.0187537 -2.70729 -1.73922 
v -0.378261 -2.70729 -1.73922 
v -0.49008 -2.74692 -1.68006 
v -0.737967 -2.74171 -1.50888 
v -0.819954 -2.74065 -1.47864 
v -1.13155 -2.73023 -1.1345 
v -1.15765 -2.7292 -1.10109 
v -1.41705 -2.71784 -0.738017 
v -1.07654 -3.57407 0.355789 
v -0.912998 -3.57407 0.676752 
v -1.64202 -3.07344 1.20641 
v -1.93354 -3.07344 0.634249 
v -0.658282 -3.57407 0.931467 
v -1.18794 -3.07344 1.66048 
v -0.33732 -3.57407 1.09501 
v -0.61578 -3.07344 1.95201 
v 0.0184692 -3.57407 1.15136 
v 0.0184692 -3.07344 2.05247 
v 0.374258 -3.57407 1.09501 
v 0.652719 -3.07344 1.95201 
v 0.695219 -3.57407 0.931467 
v 1.22488 -3.07344 1.66048 
v 0.949937 -3.57407 0.67675 
v 1.67895 -3.07344 1.20641 
v 1.11347 -3.57407 0.355789 
v 1.97048 -3.07344 0.634249 
v 1.16983 -3.57407 0 
v 2.07094 -3.07344 0 
v 1.11347 -3.57407 -0.355789 
v 1.97048 -3.07344 -0.634249 
v 0.949937 -3.57407 -0.67675 
v 1.67895 -3.07344 -1.20641 
v 0.695219 -3.57407 -0.931467 
v 1.22488 -3.07344 -1.66048 
v 0.374258 -3.57407 -1.09501 
v 0.652717 -2.98048 -1.95916 
v -0.33732 -3.57407 -1.09501 
v -0.658281 -3.57407 -0.931467 
v -1.18794 -3.07344 -1.66048 
v -0.61578 -2.98048 -1.95916 
v -0.912998 -3.57407 -0.67675 
v -1.64202 -3.07344 -1.20641 
v -1.07654 -3.57407 -0.355789 
v -1.93354 -3.07344 -0.634249 
v -1.13289 -3.57407 0 
v -2.034 -3.07344 0 
v -2.20679 -2.46744 0.723032 
v -1.87446 -2.46744 1.37529 
v -1.35682 -2.46744 1.89293 
v -0.448077 -2.44585 2.2366 
v 0.0184692 -2.44585 2.3105 
v 0.485016 -2.44585 2.2366 
v 0.0184692 -2.44585 2.3105 
v 1.39376 -2.46744 1.89293 
v 1.91139 -2.46744 1.37529 
v 2.24373 -2.46744 0.723032 
v 2.35826 -2.46744 0 
v 2.24373 -2.46744 -0.723032 
v 1.91139 -2.46744 -1.37529 
v 1.39376 -2.46744 -1.89292 
v -1.35682 -2.46744 -1.89292 
v -1.87445 -2.46744 -1.37529 
v -2.20679 -2.46744 -0.723032 
v -2.32132 -2.46744 0 
v -2.29374 -1.73215 0.751282 
v -1.94842 -1.73215 1.42903 
v -1.41056 -1.73215 1.96688 
v -0.732813 -1.73215 2.31221 
v 0.0184692 -1.73215 2.43121 
v 0.769751 -1.73215 2.31221 
v 1.44749 -1.73215 1.96688 
v 1.98535 -1.73215 1.42902 
v 2.33068 -1.73215 0.751282 
v 2.44966 -1.73215 0 
v 2.33068 -1.73215 -0.751282 
v 1.98535 -1.73215 -1.42902 
v 1.71642 -1.73215 -1.69795 
v 0.769751 -1.73215 -2.31221 
v 0.756579 -1.98003 -2.27168 
v 0.0184692 -1.99212 -2.38706 
v 0.0184692 -1.73215 -2.43121 
v -0.732813 -1.73215 -2.31221 
v -0.718689 -2.00482 -2.26873 
v -1.41055 -1.73215 -1.96688 
v -1.94842 -1.73215 -1.42902 
v -2.29374 -1.73215 -0.751282 
v -2.41274 -1.73215 0 
v -2.38068 -0.923163 0.779532 
v -2.02237 -0.923163 1.48276 
v -1.46429 -0.923163 2.04084 
v -0.761062 -0.923163 2.39915 
v 0.0184692 -0.923163 2.52261 
v 0.798001 -0.923163 2.39915 
v 1.50123 -0.923163 2.04084 
v 2.05931 -0.923163 1.48276 
v 2.41762 -0.923163 0.779532 
v 2.54108 -0.923163 0 
v 2.41762 -0.923163 -0.779532 
v 2.05931 -0.923163 -1.48276 
v 1.50123 -0.923163 -2.04084 
v 1.44749 -1.73215 -1.96688 
v 0.798001 -0.923163 -2.39915 
v 0.0184692 -0.923163 -2.52261 
v -0.761062 -0.923163 -2.39915 
v -1.46429 -0.923163 -2.04084 
v -1.76816 -1.73215 -1.60928 
v -2.02237 -0.923163 -1.48276 
v -2.38068 -0.923163 -0.779532 
v -2.50415 -0.923163 0 
v -2.31859 -0.0527543 0.759354 
v -1.96954 -0.0527543 1.44438 
v -1.42591 -0.0527543 1.98801 
v -0.740885 -0.0527543 2.33706 
v 0.0184692 -0.0527543 2.45733 
v 0.777823 -0.0527543 2.33706 
v 1.46285 -0.0527543 1.98801 
v 2.00648 -0.0527543 1.44438 
v 2.35553 -0.0527543 0.759354 
v 2.4758 -0.0527543 0 
v 2.35553 -0.0527545 -0.759354 
v 2.00648 -0.0527545 -1.44438 
v 1.46284 -0.0527545 -1.98801 
v 0.777823 -0.0527545 -2.33706 
v 0.0184692 -0.0527545 -2.45733 
v -0.740885 -0.0527545 -2.33706 
v -1.42591 -0.0527545 -1.98801 
v -1.96954 -0.0527545 -1.44438 
v -2.31859 -0.0527545 -0.759354 
v -2.43886 -0.0527543 0 
v -1.74767 0.876556 1.28318 
v -2.05775 0.876556 0.674605 
v -1.26471 0.889761 1.76614 
v -0.656136 0.889761 2.07622 
v 0.0184692 0.889761 2.18308 
v 0.693074 0.889761 2.07622 
v 1.30164 0.889761 1.76614 
v 1.78461 0.876556 1.28317 
v 2.09469 0.876556 0.674605 
v 2.20155 0.876556 0 
v 2.09469 0.876556 -0.674605 
v 1.78461 0.876556 -1.28317 
v 1.30164 0.876554 -1.76614 
v 0.693074 0.876554 -2.07622 
v 0.0184692 0.876554 -2.18306 
v -0.656136 0.876554 -2.07622 
v -1.26471 0.876554 -1.76614 
v -1.74767 0.876556 -1.28317 
v -2.05775 0.876556 -0.674605 
v -2.16461 0.876556 0 
v -1.80934 1.42716 0.593892 
v -1.53636 1.42716 1.12965 
v -1.11118 1.42716 1.55483 
v -0.575423 1.42716 1.82781 
v 0.0184692 1.42716 1.92187 
v 0.612361 1.42716 1.82781 
v 1.14812 1.42716 1.55483 
v 1.5733 1.42716 1.12965 
v 1.84628 1.42716 0.593892 
v 1.94034 1.42716 0 
v 1.84628 1.42716 -0.593892 
v 1.5733 1.42716 -1.12965 
v 1.14812 1.42716 -1.55483 
v 0.612361 1.42716 -1.82781 
v 0.0184692 1.42716 -1.92187 
v -0.575423 1.42716 -1.82781 
v -1.11118 1.42716 -1.55483 
v -1.53636 1.42716 -1.12965 
v -1.80934 1.42716 -0.593892 
v -1.90341 1.42716 0 
v -1.31471 1.99623 0.433175 
v -1.1156 1.99623 0.823948 
v -0.805479 1.99623 1.13407 
v -0.414706 1.99623 1.33318 
v 0.0184692 1.99623 1.40178 
v 0.451644 1.99623 1.33318 
v 0.842417 1.99623 1.13407 
v 1.15254 1.99623 0.823948 
v 1.35164 1.99623 0.433175 
v 1.42025 1.99623 0 
v 1.35164 1.99623 -0.433175 
v 1.15253 1.99623 -0.823948 
v 0.842417 1.99623 -1.13407 
v 0.451644 1.99623 -1.33318 
v 0.0184692 1.99623 -1.40178 
v 0.0184692 1.99623 -1.40178 
v -0.414706 1.99623 -1.33318 
v -0.805479 1.99623 -1.13407 
v -1.1156 1.99623 -0.823948 
v -1.31471 1.99623 -0.433175 
v -1.38331 1.99623 0 
v -1.07654 -3.57407 -0.355789 
v -0.912998 -3.57407 -0.67675 
v -0.912998 -3.57407 0 
v -1.13289 -3.57407 0 
v -1.04796 2.12998 0.324395 
v -0.896422 2.12998 0.632354 
v -0.324397 2.12998 -1.04795 
v -0.657139 2.12998 0.878414 
v -0.353533 2.12998 1.03849 
v -0.0153193 2.12998 1.09691 
v 0.324395 2.12998 1.04795 
v 0.632353 2.12998 0.89642 
v 0.878412 2.12998 0.657137 
v 1.03849 2.12998 0.353531 
v 1.09691 2.12998 0.0153172 
v 1.04795 2.12998 -0.324395 
v 0.896418 2.12998 -0.632354 
v 0.657135 2.12998 -0.878414 
v 0.353529 2.12998 -1.03849 
v 0.0153154 2.12998 -1.09691 
v -0.896422 2.12998 0.632354 
v -1.04796 2.12998 0.324395 
v -0.657139 2.12998 0.878414 
v -0.353533 2.12998 1.03849 
v -0.0153193 2.12998 1.09691 
v 0.324395 2.12998 1.04795 
v 0.632353 2.12998 0.89642 
v 0.878412 2.12998 0.657137 
v 1.03849 2.12998 0.353531 
v 1.09691 2.12998 0.0153172 
v 1.04795 2.12998 -0.324395 
v 0.896418 2.12998 -0.632354 
v 0.657135 2.12998 -0.878414 
v 0.353529 2.12998 -1.03849 
v 0.0153154 2.12998 -1.09691 
v -0.324397 2.12998 -1.04795 
v -0.632356 2.12998 -0.89642 
v -0.878416 2.12998 -0.657137 
v -1.03849 2.12998 -0.353531 
v -1.09691 2.12998 -0.0153175 
v -1.40898 2.33798 -0.185075 
v -1.38721 2.32566 -0.344704 
v -1.98307 2.31484 -0.471997 
v -1.34543 2.33884 -0.500226 
v -1.34543 2.33884 -0.500226 
v -1.43466 2.26526 -0.35444 
v -0.905374 2.18659 -0.0839342 
v -0.872124 2.07945 -0.241509 
v -0.84182 2.18746 -0.399085 
v -0.84182 2.18746 -0.399085 
v -0.87334 2.16828 -0.241509 
v -0.243632 3.47602 0.243632 
v -0.742391 1.96487 0.742391 
v 0 1.96487 1.0499 
v 0 3.47602 0.344548 
v 0 3.47602 0.344548 
v 0 1.96487 1.0499 
v 0.742391 1.96487 0.742391 
v 0.243632 3.47602 0.243632 
v 1.0499 1.96487 0 
v 0.344548 3.47602 0 
v 0.742391 1.96487 -0.742391 
v 0.243632 3.47602 -0.243632 
v 0 1.96487 -1.0499 
v 0 3.47602 -0.344548 
v 0 3.47602 -0.344548 
v 0 1.96487 -1.0499 
v -0.742391 1.96487 -0.742391 
v -0.243632 3.47602 -0.243632 
v -1.0499 1.96487 0 
v -0.344548 3.47602 0 
v 0 3.47602 0 
v 0 3.47602 0 
v -1.51538 2.33679 0.336418 
v -1.55267 2.32334 0.164437 
v -2.21185 2.31152 0.256388 
v -1.56788 2.33773 -0.0108088 
v -1.56788 2.33773 -0.0108088 
v -1.60502 2.25736 0.172171 
v -0.960672 2.17141 0.25209 
v -0.985411 2.05439 0.0779261 
v -1.01318 2.17237 -0.0951388 
v -1.01318 2.17237 -0.0951388 
v -0.98666 2.15142 0.0783796 
v -1.30893 2.33679 0.834422 
v -1.4028 2.32334 0.685565 
v -1.99075 2.31152 0.99742 
v -1.47703 2.33773 0.526092 
v -1.47703 2.33773 0.526092 
v -1.44934 2.25736 0.710734 
v -0.816516 2.17141 0.565456 
v -0.899332 2.05439 0.410257 
v -0.984613 2.17237 0.257126 
v -0.984613 2.17237 0.257126 
v -0.90035 2.15142 0.41111 
v -0.944603 2.33679 1.23178 
v -1.08372 2.32334 1.124 
v -1.52957 2.31152 1.61815 
v -1.20802 2.33773 0.999538 
v -1.20802 2.33773 0.999538 
v -1.11884 2.25736 1.16357 
v -0.573878 2.17141 0.81062 
v -0.704778 2.05439 0.693105 
v -0.837292 2.17237 0.578377 
v -0.837292 2.17237 0.578377 
v -0.705443 2.15142 0.694256 
v -0.466343 2.33679 1.48057 
v -0.63393 2.32334 1.42687 
v -0.883884 2.31152 2.0437 
v -0.793304 2.33773 1.35243 
v -0.793304 2.33773 1.35243 
v -0.653405 2.25736 1.47607 
v -0.262021 2.17141 0.95801 
v -0.425221 2.05439 0.892353 
v -0.58898 2.17237 0.829867 
v -0.58898 2.17237 0.829867 
v -0.425451 2.15142 0.893662 
v 0.0681651 2.33679 1.55078 
v -0.107681 2.32334 1.55764 
v -0.131591 2.31152 2.22276 
v -0.282904 2.33773 1.54219 
v -0.282904 2.33773 1.54219 
v -0.109153 2.25736 1.61053 
v 0.0814414 2.17141 0.989852 
v -0.0943737 2.05439 0.983973 
v -0.269628 2.17237 0.981263 
v -0.269628 2.17237 0.981263 
v -0.094143 2.15142 0.985282 
v 0.594451 2.33679 1.43394 
v 0.431557 2.32334 1.50053 
v 0.636575 2.31152 2.13372 
v 0.261617 2.33773 1.54594 
v 0.261617 2.33773 1.54594 
v 0.448262 2.25736 1.55073 
v 0.415079 2.17141 0.902303 
v 0.247857 2.05439 0.956909 
v 0.0822447 2.17237 1.0143 
v 0.0822447 2.17237 1.0143 
v 0.248521 2.15142 0.95806 
v 1.04904 2.33679 1.14415 
v 0.918743 2.32334 1.26244 
v 1.32796 2.31152 1.78732 
v 0.774583 2.33773 1.36323 
v 0.774583 2.33773 1.36323 
v 0.951612 2.25736 1.3039 
v 0.698651 2.17141 0.705922 
v 0.560192 2.05439 0.814429 
v 0.424196 2.17237 0.925004 
v 0.424196 2.17237 0.925004 
v 0.561209 2.15142 0.815282 
v 1.3771 2.33679 0.716358 
v 1.29511 2.32334 0.872074 
v 1.85917 2.31152 1.22534 
v 1.19412 2.33773 1.0161 
v 1.19412 2.33773 1.0161 
v 1.34018 2.25736 0.899795 
v 0.897958 2.17141 0.424396 
v 0.804958 2.05439 0.573716 
v 0.714984 2.17237 0.724136 
v 0.714984 2.17237 0.724136 
v 0.806207 2.15142 0.57417 
v 1.53905 2.33679 0.20216 
v 1.51528 2.32334 0.376526 
v 2.16615 2.31152 0.51557 
v 1.46963 2.33773 0.546404 
v 1.46963 2.33773 0.546404 
v 1.56711 2.25736 0.38716 
v 0.988956 2.17141 0.0916828 
v 0.952635 2.05439 0.263804 
v 0.919534 2.17237 0.435927 
v 0.919534 2.17237 0.435927 
v 0.953965 2.15142 0.263804 
v 1.51538 2.33679 -0.336418 
v 1.55267 2.32334 -0.164438 
v 2.21185 2.31152 -0.256388 
v 1.56788 2.33773 0.0108085 
v 1.56788 2.33773 0.0108085 
v 1.60502 2.25736 -0.172171 
v 0.960672 2.17141 -0.25209 
v 0.985411 2.05439 -0.0779264 
v 1.01318 2.17237 0.0951384 
v 1.01318 2.17237 0.0951384 
v 0.98666 2.15142 -0.07838 
v 0.944603 2.33679 -1.23178 
v 1.08372 2.32334 -1.124 
v 1.52957 2.31152 -1.61815 
v 1.20802 2.33773 -0.999538 
v 1.20802 2.33773 -0.999538 
v 1.11884 2.25736 -1.16357 
v 0.573878 2.17141 -0.81062 
v 0.704778 2.05439 -0.693105 
v 0.837292 2.17237 -0.578377 
v 0.837292 2.17237 -0.578377 
v 0.705443 2.15142 -0.694256 
v 0.466343 2.33679 -1.48057 
v 0.63393 2.32334 -1.42687 
v 0.883884 2.31152 -2.0437 
v 0.793304 2.33773 -1.35243 
v 0.793304 2.33773 -1.35243 
v 0.653405 2.25736 -1.47607 
v 0.262021 2.17141 -0.95801 
v 0.425221 2.05439 -0.892353 
v 0.58898 2.17237 -0.829867 
v 0.58898 2.17237 -0.829867 
v 0.425451 2.15142 -0.893662 
v -0.0681651 2.33679 -1.55078 
v 0.107681 2.32334 -1.55764 
v 0.131591 2.31152 -2.22276 
v 0.282904 2.33773 -1.54219 
v 0.282904 2.33773 -1.54219 
v 0.109153 2.25736 -1.61053 
v -0.0814414 2.17141 -0.989852 
v 0.0943737 2.05439 -0.983973 
v 0.269628 2.17237 -0.981263 
v 0.269628 2.17237 -0.981263 
v 0.094143 2.15142 -0.985282 
v -0.594451 2.33679 -1.43394 
v -0.431557 2.32334 -1.50053 
v -0.636575 2.31152 -2.13372 
v -0.261617 2.33773 -1.54594 
v -0.261617 2.33773 -1.54594 
v -0.448262 2.25736 -1.55073 
v -0.415079 2.17141 -0.902303 
v -0.247857 2.05439 -0.956909 
v -0.0822447 2.17237 -1.0143 
v -0.0822447 2.17237 -1.0143 
v -0.248521 2.15142 -0.95806 
v -1.04904 2.33679 -1.14415 
v -0.918743 2.32334 -1.26244 
v -1.32796 2.31152 -1.78732 
v -0.774583 2.33773 -1.36323 
v -0.774583 2.33773 -1.36323 
v -0.951612 2.25736 -1.3039 
v -0.698651 2.17141 -0.705922 
v -0.560192 2.05439 -0.814429 
v -0.424196 2.17237 -0.925004 
v -0.424196 2.17237 -0.925004 
v -0.561209 2.15142 -0.815282 
v -1.3771 2.33679 -0.716358 
v -1.29511 2.32334 -0.872074 
v -1.85917 2.31152 -1.22534 
v -1.19412 2.33773 -1.0161 
v -1.19412 2.33773 -1.0161 
v -1.34018 2.25736 -0.899795 
v -0.897958 2.17141 -0.424396 
v -0.804958 2.05439 -0.573716 
v -0.714984 2.17237 -0.724136 
v -0.714984 2.17237 -0.724136 
v -0.806207 2.15142 -0.57417 
v -1.53905 2.33679 -0.20216 
v -1.51528 2.32334 -0.376526 
v -2.16615 2.31152 -0.51557 
v -1.46963 2.33773 -0.546404 
v -1.46963 2.33773 -0.546404 
v -1.56711 2.25736 -0.38716 
v -0.988956 2.17141 -0.0916832 
v -0.952635 2.05439 -0.263804 
v -0.919534 2.17237 -0.435927 
v -0.919534 2.17237 -0.435927 
v -0.953965 2.15142 -0.263804 
v -1.51538 2.33679 0.336418 
v -1.55267 2.32334 0.164437 
v -2.21185 2.31152 0.256388 
v -1.56788 2.33773 -0.0108088 
v -1.60502 2.25736 0.172171 
v -0.960672 2.17141 0.25209 
v -0.985411 2.05439 0.0779261 
v -1.01318 2.17237 -0.0951388 
v -0.98666 2.15142 0.0783796 
v -1.30893 2.33679 0.834422 
v -1.4028 2.32334 0.685565 
v -1.99075 2.31152 0.99742 
v -1.47703 2.33773 0.526092 
v -1.44934 2.25736 0.710734 
v -0.816516 2.17141 0.565456 
v -0.899332 2.05439 0.410257 
v -0.984613 2.17237 0.257126 
v -0.90035 2.15142 0.41111 
v 1.52962 2.67488 1.03746 
v 1.18212 2.67256 1.35466 
v 1.86613 2.99749 2.20643 
v 0.806394 2.6828 1.63768 
v 0.806394 2.6828 1.63768 
v 1.24902 2.64283 1.43566 
v 0.627233 2.15411 0.69289 
v 0.970132 2.25132 0.368894 
v 0.246903 2.25924 0.969115 
v 0.611777 2.23766 0.673164 
v 0.246903 2.25924 0.969115 
v 1.84342 2.67488 0.133657 
v 1.70107 2.67256 0.582107 
v 2.71934 2.99749 0.977754 
v 1.5172 2.6828 1.01508 
v 1.5172 2.6828 1.01508 
v 1.79951 2.64283 0.618807 
v 0.889645 2.15411 0.286444 
v 1.02461 2.25132 -0.165595 
v 0.698382 2.25924 0.715825 
v 0.866396 2.23766 0.277088 
v 0.698382 2.25924 0.715825 
v 1.66328 2.67488 -0.805961 
v 1.76423 2.67256 -0.346416 
v 2.84389 2.99749 -0.512904 
v 1.82147 2.6828 0.120484 
v 1.82147 2.6828 0.120484 
v 1.86783 2.64283 -0.363853 
v 0.913677 2.15411 -0.196756 
v 0.804537 2.25132 -0.655713 
v 0.962729 2.25924 0.270733 
v 0.888867 2.23766 -0.193233 
v 0.962729 2.25924 0.270733 
v 1.03746 2.67488 -1.52962 
v 1.35466 2.67256 -1.18212 
v 2.20643 2.99749 -1.86613 
v 1.63768 2.6828 -0.806394 
v 1.63768 2.6828 -0.806394 
v 1.43566 2.64283 -1.24902 
v 0.69289 2.15411 -0.627233 
v 0.368894 2.25132 -0.970132 
v 0.969115 2.25924 -0.246903 
v 0.673164 2.23766 -0.611777 
v 0.969115 2.25924 -0.246903 
v 0.133657 2.67488 -1.84342 
v 0.582107 2.67256 -1.70107 
v 0.977754 2.99749 -2.71934 
v 1.01508 2.6828 -1.5172 
v 1.01508 2.6828 -1.5172 
v 0.618807 2.64283 -1.79951 
v 0.286444 2.15411 -0.889645 
v -0.165594 2.25132 -1.02461 
v 0.715825 2.25924 -0.698382 
v 0.277088 2.23766 -0.866396 
v 0.715825 2.25924 -0.698382 
v -0.805961 2.67488 -1.66328 
v -0.346416 2.67256 -1.76423 
v -0.512904 2.99749 -2.84389 
v 0.120484 2.6828 -1.82147 
v 0.120484 2.6828 -1.82147 
v -0.363853 2.64283 -1.86783 
v -0.196756 2.15411 -0.913677 
v -0.655713 2.25132 -0.804537 
v 0.270733 2.25924 -0.962729 
v -0.193233 2.23766 -0.888867 
v 0.270733 2.25924 -0.962729 
v -1.52962 2.67488 -1.03746 
v -1.18212 2.67256 -1.35466 
v -1.86613 2.99749 -2.20643 
v -0.806394 2.6828 -1.63768 
v -0.806394 2.6828 -1.63768 
v -1.24902 2.64283 -1.43566 
v -0.627233 2.15411 -0.69289 
v -0.970132 2.25132 -0.368894 
v -0.246903 2.25924 -0.969115 
v -0.611777 2.23766 -0.673164 
v -0.246903 2.25924 -0.969115 
v -1.84342 2.67488 -0.133657 
v -1.70107 2.67256 -0.582107 
v -2.71934 2.99749 -0.977754 
v -1.5172 2.6828 -1.01508 
v -1.5172 2.6828 -1.01508 
v -1.79951 2.64283 -0.618807 
v -0.889645 2.15411 -0.286444 
v -1.02461 2.25132 0.165594 
v -0.698382 2.25924 -0.715825 
v -0.866396 2.23766 -0.277088 
v -0.698382 2.25924 -0.715825 
v -1.66328 2.67488 0.805961 
v -1.76423 2.67256 0.346416 
v -2.84389 2.99749 0.512904 
v -1.82147 2.6828 -0.120484 
v -1.82147 2.6828 -0.120484 
v -1.86783 2.64283 0.363853 
v -0.913677 2.15411 0.196756 
v -0.804537 2.25132 0.655713 
v -0.962729 2.25924 -0.270733 
v -0.888867 2.23766 0.193233 
v -0.962729 2.25924 -0.270733 
v -1.03746 2.67488 1.52962 
v -1.35466 2.67256 1.18212 
v -2.20643 2.99749 1.86613 
v -1.63768 2.6828 0.806394 
v -1.63768 2.6828 0.806394 
v -1.43566 2.64283 1.24902 
v -0.69289 2.15411 0.627233 
v -0.368894 2.25132 0.970132 
v -0.969115 2.25924 0.246903 
v -0.673164 2.23766 0.611777 
v -0.969115 2.25924 0.246903 
v -0.310414 3.1831 1.89902 
v -0.761635 3.19271 1.76444 
v -1.25188 4.12329 3.05299 
v -1.19183 3.191 1.5728 
v -1.19183 3.191 1.5728 
v -0.811469 3.21951 1.89974 
v -0.408498 2.18802 0.785939 
v 0.0534589 2.27152 0.893764 
v -0.827961 2.27944 0.567541 
v -0.390952 2.26024 0.740283 
v -0.827961 2.27944 0.567541 
v 0.805961 2.67488 1.66328 
v 0.346416 2.67256 1.76423 
v 0.512904 2.99749 2.84389 
v -0.120484 2.6828 1.82147 
v -0.120484 2.6828 1.82147 
v 0.363853 2.64283 1.86783 
v 0.196756 2.15411 0.913677 
v 0.655713 2.25132 0.804537 
v -0.270733 2.25924 0.962729 
v 0.193233 2.23766 0.888867 
v -0.270733 2.25924 0.962729 
v 0.834957 3.1831 1.73363 
v 0.38815 3.19271 1.8822 
v 0.72564 4.12329 3.21891 
v -0.0741748 3.191 1.97196 
v -0.0741748 3.191 1.97196 
v 0.42493 3.21951 2.02162 
v 0.116173 2.18802 0.878108 
v 0.556433 2.27152 0.701467 
v -0.352699 2.27944 0.939801 
v 0.10436 2.26024 0.830646 
v -0.352699 2.27944 0.939801 
v 1.67833 3.1831 0.941196 
v 1.39754 3.19271 1.31918 
v 2.4407 4.12329 2.22057 
v 1.07031 3.191 1.65788 
v 1.07031 3.191 1.65788 
v 1.50763 3.21951 1.41228 
v 0.598827 2.18802 0.652671 
v 0.858148 2.27152 0.25545 
v 0.250134 2.27944 0.97214 
v 0.561925 2.26024 0.620566 
v 0.250134 2.27944 0.97214 
v 1.91465 3.1831 -0.191667 
v 1.90145 3.19271 0.27901 
v 3.27297 4.12329 0.419051 
v 1.82767 3.191 0.744154 
v 1.82767 3.191 0.744154 
v 2.04503 3.21951 0.292129 
v 0.864886 2.18802 0.191163 
v 0.849474 2.27152 -0.282961 
v 0.762494 2.27944 0.652859 
v 0.816243 2.26024 0.186032 
v 0.762494 2.27944 0.652859 
v 1.45846 3.1831 -1.2552 
v 1.71761 3.19271 -0.862072 
v 2.92142 4.12329 -1.53403 
v 1.92397 3.191 -0.438735 
v 1.92397 3.191 -0.438735 
v 1.84275 3.21951 -0.933683 
v 0.818121 2.18802 -0.339486 
v 0.533549 2.27152 -0.719027 
v 0.999063 2.27944 0.0974427 
v 0.77533 2.26024 -0.315791 
v 0.999063 2.27944 0.0974427 
v 0.474742 3.1831 -1.86474 
v 0.912518 3.19271 -1.69135 
v 1.5132 4.12329 -2.93226 
v 1.32438 3.191 -1.46293 
v 1.32438 3.191 -1.46293 
v 0.973954 3.21951 -1.82179 
v 0.475443 2.18802 -0.747346 
v 0.0246423 2.27152 -0.895023 
v 0.874276 2.27944 -0.49322 
v 0.453985 2.26024 -0.703393 
v 0.874276 2.27944 -0.49322 
v -0.902038 3.1831 -1.7998 
v -0.443982 3.19271 -1.90887 
v -0.663689 4.61302 -3.2699 
v 0.0244059 3.191 -1.95799 
v 0.0244059 3.191 -1.95799 
v -0.468472 3.21951 -2.05095 
v -0.260554 2.18802 -0.884893 
v -0.714534 2.27152 -0.747294 
v 0.211912 2.27944 -0.905486 
v -0.252921 2.26024 -0.836579 
v 0.211912 2.27944 -0.905486 
v -1.3789 3.66448 -0.852303 
v -1.06309 3.68543 -1.20106 
v -1.69704 5.56736 -1.85417 
v -0.710732 3.6724 -1.51327 
v -0.710732 3.6724 -1.51327 
v -1.14974 3.76603 -1.28769 
v -0.654652 2.35608 -0.804091 
v -0.926845 2.40978 -0.410353 
v -0.25868 2.4177 -1.07132 
v -0.603542 2.40371 -0.751857 
v -0.25868 2.4177 -1.07132 
v -1.92407 3.1831 0.0240636 
v -1.86989 3.19271 -0.443671 
v -3.22398 4.12329 -0.702714 
v -1.75586 3.191 -0.900614 
v -1.75586 3.191 -0.900614 
v -2.0118 3.21951 -0.469255 
v -0.844935 2.18802 -0.265816 
v -0.870903 2.27152 0.207847 
v -0.702693 2.27944 -0.71683 
v -0.796925 2.26024 -0.256465 
v -0.702693 2.27944 -0.71683 
v -1.5623 3.1831 1.12331 
v -1.78621 3.19271 0.709093 
v -3.044 4.12329 1.27357 
v -1.95489 3.191 0.26938 
v -1.95489 3.191 0.26938 
v -1.91711 3.21951 0.769524 
v -0.844595 2.18802 0.266891 
v -0.594186 2.27152 0.669789 
v -0.986769 2.27944 -0.184147 
v -0.799904 2.26024 0.247015 
v -0.986769 2.27944 -0.184147 
v -1.58123 3.66181 0.515118 
v -1.62536 3.69357 0.0473068 
v -2.52873 5.08897 0.105953 
v -1.61801 3.69115 -0.423591 
v -1.61801 3.69115 -0.423591 
v -1.74739 3.77458 0.0546195 
v -1.06291 2.36271 -0.016338 
v -0.955814 2.40534 0.451333 
v -0.992594 2.43469 -0.487376 
v -0.989656 2.41003 -0.0177275 
v -0.992594 2.43469 -0.487376 
v -1.18004 3.66448 1.21724 
v -1.44204 3.68543 0.826448 
v -2.22913 5.07761 1.28356 
v -1.65974 3.6724 0.409025 
v -1.65974 3.6724 0.409025 
v -1.54706 3.76603 0.889565 
v -0.958053 2.35608 0.526177 
v -0.64186 2.40978 0.885538 
v -1.12155 2.4177 0.0773168 
v -0.895004 2.40371 0.489223 
v -1.12155 2.4177 0.0773168 
v -0.204931 3.66448 1.72511 
v -0.651986 3.68543 1.57845 
v -0.990782 5.07761 2.42323 
v -1.08052 3.6724 1.38355 
v -1.08052 3.6724 1.38355 
v -0.69588 3.76603 1.69285 
v -0.455465 2.35608 1.04387 
v 0.0149445 2.40978 1.13238 
v -0.860648 2.4177 0.790821 
v -0.428532 2.40371 0.975928 
v -0.860648 2.4177 0.790821 
v 0.876139 3.66448 1.52497 
v 0.433567 3.68543 1.68464 
v 0.686694 5.07761 2.55892 
v -0.0241234 3.6724 1.79489 
v -0.0241234 3.6724 1.79489 
v 0.469404 3.76603 1.8018 
v 0.259301 2.35608 1.14239 
v 0.684483 2.40978 0.922523 
v -0.215778 2.4177 1.19244 
v 0.238699 2.40371 1.07227 
v -0.215778 2.4177 1.19244 
v 1.60482 3.66448 0.701682 
v 1.35437 3.68543 1.09998 
v 2.0921 5.07761 1.63309 
v 1.06158 3.6724 1.46864 
v 1.06158 3.6724 1.46864 
v 1.45474 3.76603 1.17024 
v 0.883201 2.35608 0.779968 
v 1.08289 2.40978 0.344946 
v 0.539649 2.4177 1.1119 
v 0.823796 2.40371 0.7374 
v 0.539649 2.4177 1.1119 
v 1.67215 3.66448 -0.395691 
v 1.72002 3.68543 0.0723603 
v 2.62957 5.07761 0.0382622 
v 1.71626 3.6724 0.543126 
v 1.71626 3.6724 0.543126 
v 1.84237 3.76603 0.0659336 
v 1.15171 2.35608 0.110267 
v 1.04124 2.40978 -0.355474 
v 1.08535 2.4177 0.583345 
v 1.07869 2.40371 0.113296 
v 1.08535 2.4177 0.583345 
v 1.04961 3.66448 -1.30189 
v 1.37549 3.68543 -0.962529 
v 2.07122 5.56736 -1.54938 
v 1.66236 3.6724 -0.589251 
v 1.66236 3.6724 -0.589251 
v 1.46795 3.76603 -1.04292 
v 0.950994 2.35608 -0.582776 
v 0.577201 2.40978 -0.881772 
v 1.18995 2.4177 -0.169129 
v 0.895319 2.40371 -0.535434 
v 1.18995 2.4177 -0.169129 
v 0.00112234 3.66448 -1.63271 
v 0.46685 3.68543 -1.56592 
v 0.653804 5.56736 -2.45669 
v 0.922723 3.6724 -1.44839 
v 0.922723 3.6724 -1.44839 
v 0.490215 3.76603 -1.6862 
v 0.366144 2.35608 -1.00533 
v -0.112487 2.40978 -1.01081 
v 0.809115 2.4177 -0.826487 
v 0.351419 2.40371 -0.933745 
v 0.809115 2.4177 -0.826487 
v -0.680592 3.69849 -1.44763 
v -0.235064 3.68051 -1.59924 
v -0.359479 5.56039 -2.50405 
v 0.221919 3.62842 -1.70052 
v 0.221919 3.62842 -1.70052 
v -0.262221 3.76134 -1.71855 
v -0.178377 2.35264 -1.02902 
v -0.601581 2.44484 -0.818304 
v 0.300929 2.37476 -1.07119 
v -0.155213 2.39985 -0.959425 
v 0.300929 2.37476 -1.07119 
v -1.60341 3.66448 -0.310579 
v -1.42593 3.68543 -0.746314 
v -2.24504 5.07761 -1.14322 
v -1.20161 3.6724 -1.16021 
v -1.20161 3.6724 -1.16021 
v -1.53699 3.76603 -0.798082 
v -0.906358 2.35608 -0.512981 
v -1.02747 2.40978 -0.0498921 
v -0.625664 2.4177 -0.899528 
v -0.840465 2.40371 -0.481376 
v -0.625664 2.4177 -0.899528 
v 0.339922 3.8823 -0.931154 
v 0.727508 3.91522 -0.665641 
v 1.11363 5.93041 -1.20472 
v 1.08862 3.90596 -0.363452 
v 1.08862 3.90596 -0.363452 
v 0.790277 4.01526 -0.752591 
v 0.551738 2.50941 -0.375277 
v 0.11798 2.53951 -0.582524 
v 0.866675 2.56315 -0.0148217 
v 0.502676 2.54402 -0.312016 
v 0.866675 2.56315 -0.0148217 
v -0.314968 3.8823 -1.17313 
v 0.153919 3.91522 -1.20252 
v 0.1263 5.93041 -1.86505 
v 0.624523 3.90596 -1.18671 
v 0.624523 3.90596 -1.18671 
v 0.149852 4.01526 -1.30968 
v 0.194177 2.50941 -0.865497 
v -0.275222 2.53951 -0.761762 
v 0.664269 2.56315 -0.77535 
v 0.194463 2.54402 -0.785441 
v 0.664269 2.56315 -0.77535 
v -0.95325 3.8823 -0.708251 
v -0.601858 3.91522 -1.02009 
v -1.03151 5.93041 -1.52516 
v -0.221285 3.90596 -1.29737 
v -0.221285 3.90596 -1.29737 
v -0.671038 4.01526 -1.10203 
v -0.362642 2.50941 -0.779297 
v -0.668668 2.53951 -0.408562 
v 0.0632969 2.56315 -0.997678 
v -0.313129 2.54402 -0.716388 
v 0.0632969 2.56315 -0.997678 
v -1.17002 3.8823 0.051041 
v -1.0851 3.91522 -0.411029 
v -1.73463 5.44067 -0.544509 
v -0.955916 3.90596 -0.863831 
v -0.955916 3.90596 -0.863831 
v -1.19007 4.01526 -0.433008 
v -0.748351 2.50941 -0.368558 
v -0.761255 2.53951 0.111993 
v -0.547156 2.56315 -0.802879 
v -0.670604 2.54402 -0.349468 
v -0.547156 2.56315 -0.802879 
v -0.873363 3.8823 0.782826 
v -1.09093 3.91522 0.366432 
v -1.68494 5.44067 0.661138 
v -1.2679 3.90596 -0.0699161 
v -1.2679 3.90596 -0.0699161 
v -1.18717 4.01526 0.413734 
v -0.799417 2.50941 0.192574 
v -0.513729 2.53951 0.579199 
v -0.908266 2.56315 -0.273542 
v -0.726399 2.54402 0.159752 
v -0.908266 2.56315 -0.273542 
v -0.189066 3.8823 1.17684 
v -0.61687 3.91522 0.982668 
v -0.903518 5.44067 1.58061 
v -1.02497 3.90596 0.747775 
v -1.02497 3.90596 0.747775 
v -0.663587 4.01526 1.0792 
v -0.494191 2.50941 0.666193 
v -0.0310364 2.53951 0.79497 
v -0.866937 2.56315 0.365902 
v -0.45686 2.54402 0.595374 
v -0.866937 2.56315 0.365902 
v 0.592748 3.8823 1.06604 
v 0.13609 3.91522 1.17641 
v 0.278336 5.44067 1.82407 
v -0.330111 3.90596 1.24256 
v -0.330111 3.90596 1.24256 
v 0.158703 4.01526 1.28124 
v 0.0379205 2.50941 0.851492 
v 0.482173 2.53951 0.667825 
v -0.440684 2.56315 0.844345 
v 0.0237371 2.54402 0.772703 
v -0.440684 2.56315 0.844345 
v 1.14061 3.8823 0.497387 
v 0.848706 3.91522 0.865509 
v 1.35954 5.44067 1.2883 
v 0.522064 3.90596 1.20466 
v 0.522064 3.90596 1.20466 
v 0.931064 4.01526 0.934191 
v 0.57131 2.50941 0.669912 
v 0.80831 2.53951 0.251669 
v 0.189764 2.56315 0.958939 
v 0.511626 2.54402 0.616557 
v 0.189764 2.56315 0.958939 
v 1.22223 3.8823 -0.28801 
v 1.21885 3.91522 0.181786 
v 1.88169 5.44067 0.200448 
v 1.17025 3.90596 0.650139 
v 1.17025 3.90596 0.650139 
v 1.32603 4.01526 0.185203 
v 0.879836 2.50941 0.198436 
v 0.809098 2.53951 -0.277056 
v 0.757115 2.56315 0.661094 
v 0.799955 2.54402 0.193137 
v 0.757115 2.56315 0.661094 
v 0.803013 3.8823 -0.957165 
v 1.08958 3.91522 -0.584876 
v 1.62339 5.93041 -0.978255 
v 1.33963 3.90596 -0.18589 
v 1.33963 3.90596 -0.18589 
v 1.17615 4.01526 -0.648173 
v 0.832687 2.50941 -0.36304 
v 0.484203 2.53951 -0.694181 
v 1.02082 2.56315 0.0770939 
v 0.766478 2.54402 -0.318036 
v 1.02082 2.56315 0.0770939 
v 0.0184692 -3.57407 -1.15136 
v 0.0184692 -3.11494 -2.06181 
v 0.55093 -2.89796 -1.96608 
v 0.0118176 -2.99628 -2.07466 
v -0.527293 -2.89796 -1.96608 
v 1.18082 -2.47582 -1.90871 
v -1.15718 -2.47582 -1.90871 
v 1.22649 -1.85081 -1.97157 
v 0.639212 -2.04726 -2.23064 
v -1.50682 -1.85081 -1.66761 
v -1.20285 -1.85081 -1.97157 
v 0.0118176 -2.05754 -2.32874 
v -0.614765 -2.06834 -2.22814 
v 1.45508 -1.85081 -1.74299 
v 0.0207389 -2.97443 -1.32428 
v 0.687445 -3.17769 -1.37148 
v -0.645969 -3.17769 -1.37148 
v 1.46641 -2.45687 -1.3012 
v -1.42493 -2.45687 -1.3012 
v 0.796621 -1.8951 -1.7517 
v 1.52289 -1.58227 -1.38917 
v -1.85732 -1.58227 -0.963807 
v -1.48142 -1.58227 -1.38917 
v 0.0207389 -1.90948 -1.88897 
v -0.754144 -1.9246 -1.74822 
v 1.80559 -1.58227 -1.06928 
v 0.617216 -3.19827 0.418056 
v 0.687445 -3.17769 -1.37148 
v 0.0207389 -2.97443 -1.32428 
v 0.0250363 -2.95488 0.447889 
v -0.567143 -3.19827 0.418056 
v 0.0250363 -2.95488 0.447889 
v 0.0207389 -2.97443 -1.32428 
v -0.645969 -3.17769 -1.37148 
v 1.3091 -2.57841 0.462478 
v 1.46641 -2.45687 -1.3012 
v -1.25903 -2.57841 0.462478 
v -1.42493 -2.45687 -1.3012 
v 0.714188 -2.13347 0.177735 
v 0.796621 -1.8951 -1.7517 
v 1.52289 -1.58227 -1.38917 
v 1.35927 -1.87662 0.40687 
v -1.85732 -1.58227 -0.963807 
v -1.64309 -1.87662 0.675727 
v -1.3092 -1.87662 0.40687 
v -1.48142 -1.58227 -1.38917 
v 0.0250363 -2.14254 0.0909719 
v 0.0207389 -1.90948 -1.88897 
v 0.0250363 -2.14254 0.0909719 
v -0.663226 -2.15206 0.179939 
v -0.754144 -1.9246 -1.74822 
v 0.0207389 -1.90948 -1.88897 
v 1.61037 -1.87662 0.609059 
v 1.80559 -1.58227 -1.06928 
v -0.136816 -2.89409 1.56815 
v -0.158916 -2.53918 1.56138 
v -0.000618882 -2.53895 1.55885 
v -0.000618882 -2.96866 1.56899 
v 0.135579 -2.89409 1.56815 
v -0.000618882 -2.96866 1.56899 
v -0.000618882 -2.53895 1.55885 
v 0.157882 -2.53872 1.56132 
v 0.294708 -2.70648 1.5694 
v 0.306247 -2.53234 1.56782 
v 0.363997 -2.53234 1.57357 
v -0.295948 -2.70648 1.5694 
v -0.307487 -2.53234 1.56782 
v -0.384279 -2.53234 1.57546 
v 0.374258 -3.57407 -1.09501 
v 0.374258 -3.57407 0 
v 0.0184692 -3.57407 0 
v 0.0184692 -3.57407 -1.15136 
v 0.374258 -3.57407 1.09501 
v 0.0184692 -3.57407 1.15136 
v -0.912998 -3.57407 0.676752 
v -1.07654 -3.57407 0.355789 
v 0.695219 -3.57407 -0.931467 
v 0.695219 -3.57407 0 
v 0.695219 -3.57407 0.931467 
v 0.949937 -3.57407 -0.67675 
v 0.949937 -3.57407 0 
v 0.949937 -3.57407 0.67675 
v 1.11347 -3.57407 -0.355789 
v 1.16983 -3.57407 0 
v 1.11347 -3.57407 0.355789 
v -0.33732 -3.57407 -1.09501 
v -0.33732 -3.57407 0 
v -0.33732 -3.57407 1.09501 
v -0.658281 -3.57407 -0.931467 
v -0.658282 -3.57407 0 
v -0.658282 -3.57407 0.931467 

vn 0.110236 0.787402 -0.606299 
vn 0.110236 0.787402 -0.606299 
vn 0.110236 0.787402 -0.606299 
vn 0.181102 0.850394 -0.496063 
vn 0.440945 0.740157 -0.511811 
vn 0.440945 0.740157 -0.511811 
vn 0.590551 0.685039 -0.425197 
vn 0.590551 0.685039 -0.425197 
vn 0.700787 0.629921 -0.322835 
vn 0.700787 0.629921 -0.322835 
vn 0.338583 0.0551181 -0.937008 
vn 0.181102 -0.181102 -0.968504 
vn 0.637795 -0.023622 -0.771654 
vn 0.716535 0.212598 -0.661417 
vn 0.80315 0.023622 -0.598425 
vn 0.826772 0.125984 -0.551181 
vn 0.897638 0.0944882 -0.433071 
vn 0.88189 0.00787402 -0.464567 
vn 0.338583 0.0551181 -0.937008 
vn 0.110236 0.787402 -0.606299 
vn 0.976378 -0.19685 0.0629921 
vn 0.984252 -0.110236 -0.15748 
vn 0.716535 0.212598 -0.661417 
vn -0.818898 -0.0787402 -0.559055 
vn 0.637795 -0.023622 -0.771654 
vn 0.440945 0.740157 -0.511811 
vn 0.976378 -0.19685 0.125984 
vn 0.992126 -0.102362 -0.110236 
vn 0.826772 0.125984 -0.551181 
vn -0.889764 0.0787402 -0.456693 
vn 0.80315 0.023622 -0.598425 
vn 0.590551 0.685039 -0.425197 
vn 0.976378 -0.0944882 0.212598 
vn 1 0.00787402 -0.0472441 
vn 0.88189 0.00787402 -0.464567 
vn -0.897638 -0.0314961 -0.433071 
vn 0.992126 -0.0944882 0.11811 
vn 0.897638 0.0944882 -0.433071 
vn 0.700787 0.629921 -0.322835 
vn 0.968504 -0.102362 0.23622 
vn 0.897638 0.0944882 -0.433071 
vn 0.992126 -0.0944882 0.11811 
vn 0.88189 -0.173228 0.433071 
vn 0.937008 -0.212598 0.267717 
vn -0.984252 -0.0551181 0.165354 
vn 0.669291 -0.165354 0.724409 
vn 0.905512 -0.338583 0.251969 
vn -0.992126 0.0393701 -0.125984 
vn 0.92126 -0.0472441 0.393701 
vn 0.952756 -0.0944882 0.275591 
vn -0.984252 -0.0629921 -0.181102 
vn 0.937008 -0.133858 0.322835 
vn 0.952756 -0.141732 0.275591 
vn 0.937008 -0.133858 0.322835 
vn 0 1 0.023622 
vn 0 1 0.023622 
vn 0 1 0.023622 
vn 0 1 0.023622 
vn 0 1 0.023622 
vn 0 1 0.023622 
vn 0 1 0.023622 
vn 0 1 0.023622 
vn 0.700787 0.629921 -0.322835 
vn 0 1 0.023622 
vn 0 1 0.023622 
vn -0.110236 0.787402 -0.606299 
vn -0.110236 0.787402 -0.606299 
vn -0.440945 0.740157 -0.511811 
vn -0.440945 0.740157 -0.511811 
vn -0.590551 0.685039 -0.425197 
vn -0.590551 0.685039 -0.425197 
vn -0.700787 0.629921 -0.322835 
vn -0.700787 0.629921 -0.322835 
vn -0.330709 0.0551181 -0.937008 
vn -0.637795 -0.023622 -0.771654 
vn -0.716535 0.212598 -0.661417 
vn -0.80315 0.023622 -0.598425 
vn -0.826772 0.125984 -0.551181 
vn -0.897638 0.0944882 -0.433071 
vn -0.88189 0.00787402 -0.464567 
vn -0.976378 -0.19685 0.0629921 
vn -0.110236 0.787402 -0.606299 
vn -0.330709 0.0551181 -0.937008 
vn -0.984252 -0.110236 -0.15748 
vn 0 -0.992126 -0.102362 
vn 0 -0.992126 -0.102362 
vn 0.818898 -0.0787402 -0.559055 
vn -0.716535 0.212598 -0.661417 
vn -0.976378 -0.19685 0.125984 
vn -0.440945 0.740157 -0.511811 
vn -0.637795 -0.023622 -0.771654 
vn -0.992126 -0.102362 -0.110236 
vn 0.889764 0.0787402 -0.456693 
vn -0.826772 0.125984 -0.551181 
vn -0.976378 -0.0944882 0.212598 
vn -0.590551 0.685039 -0.425197 
vn -0.80315 0.023622 -0.598425 
vn -1 0.00787402 -0.0472441 
vn 0.897638 -0.0314961 -0.433071 
vn -0.88189 0.00787402 -0.464567 
vn -0.968504 -0.102362 0.23622 
vn -0.968504 -0.102362 0.23622 
vn -0.700787 0.629921 -0.322835 
vn -0.897638 0.0944882 -0.433071 
vn -0.937008 -0.212598 0.267717 
vn -0.937008 -0.212598 0.267717 
vn 0.984252 -0.0551181 0.165354 
vn -0.905512 -0.346457 0.251969 
vn -0.905512 -0.346457 0.251969 
vn 0.992126 0.0393701 -0.125984 
vn -0.952756 -0.0944882 0.275591 
vn -0.952756 -0.0944882 0.275591 
vn 0.984252 -0.0629921 -0.181102 
vn -0.952756 -0.141732 0.275591 
vn -0.952756 -0.141732 0.275591 
vn 0 1 0.023622 
vn 0 1 0.023622 
vn 0 1 0.023622 
vn 0 1 0.023622 
vn 0 1 0.023622 
vn 0 1 0.023622 
vn 0 1 0.023622 
vn 0 1 0.023622 
vn 0 1 0.023622 
vn -0.700787 0.629921 -0.322835 
vn 0 1 0.023622 
vn 0.181102 -0.181102 -0.968504 
vn -0.952756 -0.141732 0.275591 
vn -0.952756 -0.0944882 0.275591 
vn -0.905512 -0.346457 0.251969 
vn -0.937008 -0.212598 0.267717 
vn 0.0629921 -0.133858 0.992126 
vn 0.937008 -0.212598 0.267717 
vn 0.905512 -0.338583 0.251969 
vn 0.952756 -0.0944882 0.275591 
vn 0.952756 -0.141732 0.275591 
vn -0.984252 -0.0629921 -0.181102 
vn 0.937008 -0.133858 0.322835 
vn -0.992126 0.0393701 -0.125984 
vn 0.92126 -0.0472441 0.393701 
vn -0.984252 -0.0551181 0.165354 
vn 0.669291 -0.165354 0.724409 
vn 0 -0.992126 -0.102362 
vn 0.88189 -0.173228 0.433071 
vn -0.937008 -0.212598 0.267717 
vn -0.905512 -0.346457 0.251969 
vn 0.984252 -0.0551181 0.165354 
vn -0.952756 -0.0944882 0.275591 
vn 0.992126 0.0393701 -0.125984 
vn -0.952756 -0.141732 0.275591 
vn 0.984252 -0.0629921 -0.181102 
vn 0.204724 -0.834646 -0.511811 
vn 0.204724 -0.834646 -0.511811 
vn 0.204724 -0.834646 -0.511811 
vn 0.212598 -0.795276 -0.566929 
vn 0.188976 0.976378 -0.0787402 
vn 0.188976 0.976378 -0.0787402 
vn 0.188976 0.976378 -0.0787402 
vn 0.188976 0.976378 -0.0787402 
vn -0.141732 -0.740157 0.653543 
vn -0.141732 -0.740157 0.653543 
vn -0.141732 -0.740157 0.653543 
vn -0.15748 -0.748031 0.637795 
vn 0.80315 -0.590551 -0.0708661 
vn -0.141732 -0.740157 0.653543 
vn -0.141732 -0.740157 0.653543 
vn 0.84252 -0.535433 -0.0787402 
vn 0.212598 0.976378 0.0551181 
vn 0.212598 0.976378 0.0551181 
vn 0.456693 -0.826772 -0.338583 
vn 0.456693 -0.826772 -0.338583 
vn 0.11811 0.937008 -0.322835 
vn 0.11811 0.937008 -0.322835 
vn 0.866142 -0.464567 -0.188976 
vn 0.866142 -0.464567 -0.188976 
vn 0.275591 0.889764 -0.362205 
vn 0.275591 0.889764 -0.362205 
vn 0.212598 0.976378 0.0551181 
vn 0.188976 0.976378 -0.0787402 
vn 0.897638 0.346457 -0.275591 
vn 0.92126 0.267717 -0.299213 
vn 0.188976 0.976378 -0.0787402 
vn 0.905512 0.401575 -0.141732 
vn 0.385827 0.889764 0.244094 
vn 0.905512 0.401575 -0.141732 
vn 0.314961 0.818898 -0.480315 
vn 0.307087 0.850394 -0.417323 
vn 0.275591 0.889764 -0.362205 
vn 0.11811 0.937008 -0.322835 
vn 0.181102 0.826772 -0.527559 
vn 0.314961 0.818898 -0.480315 
vn 0.307087 0.850394 -0.417323 
vn -0.779528 -0.559055 -0.267717 
vn -0.779528 -0.559055 -0.267717 
vn 0.0314961 0.976378 -0.19685 
vn 0.0314961 0.976378 -0.19685 
vn -0.102362 -0.779528 0.622047 
vn -0.102362 -0.779528 0.622047 
vn -0.952756 -0.0472441 0.291339 
vn -0.952756 -0.0472441 0.291339 
vn -0.102362 -0.779528 0.622047 
vn -0.102362 -0.779528 0.622047 
vn 0.102362 0.984252 0.141732 
vn -0.992126 -0.0787402 0.0629921 
vn -0.944882 -0.314961 0.0787402 
vn 0.188976 0.976378 -0.102362 
vn -0.976378 -0.188976 0.0944882 
vn -0.976378 -0.188976 0.0944882 
vn 0.409449 0.795276 -0.440945 
vn 0.929134 0.362205 0 
vn 0.0314961 0.976378 -0.19685 
vn 0.102362 0.984252 0.141732 
vn -0.771654 0.637795 0.0314961 
vn -0.692913 0.700787 0.165354 
vn 0.0314961 0.976378 -0.19685 
vn -0.692913 0.700787 0.165354 
vn 0.275591 0.866142 -0.417323 
vn 0.307087 0.826772 -0.472441 
vn -0.771654 0.637795 0.0314961 
vn 0.307087 0.826772 -0.472441 
vn 0.275591 0.866142 -0.417323 
vn -0.779528 -0.559055 -0.267717 
vn 0.204724 -0.834646 -0.511811 
vn -0.251969 -0.858268 0.448819 
vn -0.976378 -0.188976 0.0944882 
vn 0.204724 -0.834646 -0.511811 
vn 0.866142 -0.464567 -0.188976 
vn 0.456693 -0.826772 -0.338583 
vn -0.0866142 -0.913386 0.401575 
vn -0.992126 -0.0787402 0.0629921 
vn -0.204724 -0.968504 -0.133858 
vn 0.84252 -0.535433 -0.0787402 
vn -0.952756 -0.0472441 0.291339 
vn 0.0944882 -0.724409 -0.685039 
vn 0.0944882 -0.724409 -0.685039 
vn 0.0944882 -0.724409 -0.685039 
vn 0.15748 -0.80315 -0.574803 
vn 0.385827 -0.700787 -0.606299 
vn 0.385827 -0.700787 -0.606299 
vn 0.535433 -0.669291 -0.511811 
vn 0.535433 -0.669291 -0.511811 
vn 0.653543 -0.637795 -0.409449 
vn 0.653543 -0.637795 -0.409449 
vn 0.251969 -0.0472441 -0.968504 
vn 0.141732 0.149606 -0.976378 
vn 0.519685 0.015748 -0.850394 
vn 0.614173 -0.19685 -0.76378 
vn 0.708661 -0.015748 -0.708661 
vn 0.740157 -0.11811 -0.661417 
vn 0.834646 -0.0944882 -0.543307 
vn 0.811024 -0.00787402 -0.582677 
vn 0.976378 0.204724 0.0866142 
vn 0.0944882 -0.724409 -0.685039 
vn 0.251969 -0.0472441 -0.968504 
vn 0.968504 0.11811 -0.212598 
vn -0.748031 -0.0393701 -0.661417 
vn 0.614173 -0.19685 -0.76378 
vn 0.96063 0.212598 0.165354 
vn 0.385827 -0.700787 -0.606299 
vn 0.519685 0.015748 -0.850394 
vn 0.984252 0.110236 -0.141732 
vn -0.818898 -0.0787402 -0.566929 
vn 0.740157 -0.11811 -0.661417 
vn 0.952756 0.0944882 0.275591 
vn 0.535433 -0.669291 -0.511811 
vn 0.708661 -0.015748 -0.708661 
vn 1 -0.00787402 -0.0629921 
vn -0.84252 0.0314961 -0.543307 
vn 0.811024 -0.00787402 -0.582677 
vn 0.944882 0.133858 0.299213 
vn 0.653543 -0.637795 -0.409449 
vn 0.834646 -0.0944882 -0.543307 
vn 0.984252 0.0708661 0.165354 
vn 0.92126 0.165354 0.354331 
vn 0.818898 0.23622 0.527559 
vn -0.968504 0.0629921 0.228346 
vn 0.92126 0.149606 0.354331 
vn 0.527559 0.354331 0.771654 
vn -0.984252 -0.0393701 -0.165354 
vn 0.929134 0.0944882 0.362205 
vn 0.929134 0.0944882 0.362205 
vn -0.968504 0.0629921 -0.244094 
vn 0.92126 0.149606 0.354331 
vn 0.92126 0.149606 0.354331 
vn 0 -1 0.0314961 
vn 0 -1 0.0314961 
vn 0 -1 0.0314961 
vn 0 -1 0.0314961 
vn 0 -1 0.0314961 
vn 0 -1 0.0314961 
vn 0 -1 0.0314961 
vn 0 -1 0.0314961 
vn 0 -1 0.0314961 
vn 0.653543 -0.637795 -0.409449 
vn 0 -1 0.0314961 
vn -0.0944882 -0.724409 -0.685039 
vn -0.0944882 -0.724409 -0.685039 
vn -0.385827 -0.700787 -0.606299 
vn -0.385827 -0.700787 -0.606299 
vn -0.535433 -0.669291 -0.511811 
vn -0.535433 -0.669291 -0.511811 
vn -0.653543 -0.637795 -0.409449 
vn -0.653543 -0.637795 -0.409449 
vn -0.251969 -0.0472441 -0.968504 
vn -0.519685 0.015748 -0.850394 
vn -0.614173 -0.19685 -0.76378 
vn -0.708661 -0.015748 -0.708661 
vn -0.740157 -0.11811 -0.661417 
vn -0.834646 -0.0944882 -0.543307 
vn -0.811024 -0.00787402 -0.582677 
vn -0.251969 -0.0472441 -0.968504 
vn -0.0944882 -0.724409 -0.685039 
vn -0.976378 0.204724 0.0866142 
vn -0.968504 0.11811 -0.212598 
vn 0 0.992126 -0.125984 
vn 0 0.992126 -0.125984 
vn -0.614173 -0.19685 -0.76378 
vn 0.748031 -0.0393701 -0.661417 
vn -0.519685 0.015748 -0.850394 
vn -0.385827 -0.700787 -0.606299 
vn -0.96063 0.212598 0.165354 
vn -0.984252 0.110236 -0.141732 
vn -0.740157 -0.11811 -0.661417 
vn 0.818898 -0.0787402 -0.566929 
vn -0.708661 -0.015748 -0.708661 
vn -0.535433 -0.669291 -0.511811 
vn -0.952756 0.0944882 0.275591 
vn -1 -0.00787402 -0.0629921 
vn -0.811024 -0.00787402 -0.582677 
vn 0.84252 0.0314961 -0.543307 
vn -0.834646 -0.0944882 -0.543307 
vn -0.653543 -0.637795 -0.409449 
vn -0.944882 0.133858 0.299213 
vn -0.984252 0.0708661 0.165354 
vn -0.92126 0.165354 0.354331 
vn -0.818898 0.23622 0.527559 
vn 0.968504 0.0629921 0.228346 
vn -0.92126 0.149606 0.354331 
vn -0.527559 0.354331 0.771654 
vn 0.984252 -0.0393701 -0.165354 
vn -0.866142 0.0472441 0.496063 
vn -0.929134 0.0944882 0.362205 
vn 0.968504 0.0629921 -0.244094 
vn -0.897638 0.133858 0.417323 
vn -0.92126 0.149606 0.354331 
vn 0 -1 0.0314961 
vn 0 -1 0.0314961 
vn 0 -1 0.0314961 
vn 0 -1 0.0314961 
vn 0 -1 0.0314961 
vn 0 -1 0.0314961 
vn 0 -1 0.0314961 
vn 0 -1 0.0314961 
vn -0.944882 0.133858 0.299213 
vn -0.92126 0.149606 0.354331 
vn 0.141732 0.149606 -0.976378 
vn -0.929134 0.0944882 0.362205 
vn -0.92126 0.149606 0.354331 
vn -0.92126 0.165354 0.354331 
vn 0.0472441 0.110236 0.992126 
vn 0.92126 0.165354 0.354331 
vn 0.92126 0.149606 0.354331 
vn 0.929134 0.0944882 0.362205 
vn 0.92126 0.149606 0.354331 
vn 0.92126 0.149606 0.354331 
vn -0.968504 0.0629921 -0.244094 
vn 0.929134 0.0944882 0.362205 
vn -0.984252 -0.0393701 -0.165354 
vn 0.527559 0.354331 0.771654 
vn -0.968504 0.0629921 0.228346 
vn 0.818898 0.23622 0.527559 
vn 0 0.992126 -0.125984 
vn -0.818898 0.23622 0.527559 
vn 0.968504 0.0629921 0.228346 
vn -0.527559 0.354331 0.771654 
vn 0.984252 -0.0393701 -0.165354 
vn -0.866142 0.0472441 0.496063 
vn 0.968504 0.0629921 -0.244094 
vn -0.897638 0.133858 0.417323 
vn -0.433071 -0.874016 0.220472 
vn -0.433071 -0.874016 0.220472 
vn -0.433071 -0.874016 0.220472 
vn -0.433071 -0.874016 0.220472 
vn -0.346457 -0.874016 0.346457 
vn -0.346457 -0.874016 0.346457 
vn -0.220472 -0.874016 0.433071 
vn -0.220472 -0.874016 0.433071 
vn -0.0787402 -0.874016 0.480315 
vn -0.0787402 -0.874016 0.480315 
vn 0.0787402 -0.874016 0.480315 
vn 0.0787402 -0.874016 0.480315 
vn 0.220472 -0.874016 0.433071 
vn 0.220472 -0.874016 0.433071 
vn 0.346457 -0.874016 0.346457 
vn 0.346457 -0.874016 0.346457 
vn 0.433071 -0.874016 0.220472 
vn 0.433071 -0.874016 0.220472 
vn 0.480315 -0.874016 0.0787402 
vn 0.480315 -0.874016 0.0787402 
vn 0.480315 -0.874016 -0.0787402 
vn 0.480315 -0.874016 -0.0787402 
vn 0.433071 -0.874016 -0.220472 
vn 0.433071 -0.874016 -0.220472 
vn 0.346457 -0.874016 -0.346457 
vn 0.346457 -0.874016 -0.346457 
vn 0.220472 -0.874016 -0.433071 
vn 0.141732 -0.834646 -0.527559 
vn -0.220472 -0.874016 -0.433071 
vn -0.220472 -0.874016 -0.433071 
vn -0.220472 -0.874016 -0.433071 
vn -0.141732 -0.834646 -0.527559 
vn -0.346457 -0.874016 -0.346457 
vn -0.346457 -0.874016 -0.346457 
vn -0.433071 -0.874016 -0.220472 
vn -0.433071 -0.874016 -0.220472 
vn -0.480315 -0.874016 -0.0787402 
vn -0.480315 -0.874016 -0.0787402 
vn -0.80315 -0.425197 0.409449 
vn -0.80315 -0.425197 0.409449 
vn -0.637795 -0.425197 0.637795 
vn -0.330709 -0.314961 0.889764 
vn -0.141732 -0.377953 0.913386 
vn 0.141732 -0.377953 0.913386 
vn -0.141732 -0.377953 0.913386 
vn 0.330709 -0.314961 0.889764 
vn 0.637795 -0.425197 0.637795 
vn 0.80315 -0.425197 0.409449 
vn 0.897638 -0.425197 0.141732 
vn 0.897638 -0.425197 -0.141732 
vn 0.80315 -0.425197 -0.409449 
vn 0.637795 -0.425197 -0.637795 
vn -0.637795 -0.425197 -0.637795 
vn -0.637795 -0.425197 -0.637795 
vn -0.80315 -0.425197 -0.409449 
vn -0.897638 -0.425197 -0.141732 
vn -0.88189 -0.11811 0.448819 
vn -0.88189 -0.11811 0.448819 
vn -0.700787 -0.11811 0.700787 
vn -0.448819 -0.11811 0.88189 
vn -0.15748 -0.165354 0.976378 
vn 0.15748 -0.165354 0.976378 
vn 0.448819 -0.11811 0.88189 
vn 0.700787 -0.11811 0.700787 
vn 0.88189 -0.11811 0.448819 
vn 0.984252 -0.11811 0.15748 
vn 0.984252 -0.11811 -0.15748 
vn 0.88189 -0.11811 -0.448819 
vn 0.700787 -0.11811 -0.700787 
vn 0.15748 -0.165354 -0.976378 
vn 0.15748 -0.165354 -0.976378 
vn 0.15748 -0.165354 -0.976378 
vn 0.15748 -0.165354 -0.976378 
vn -0.15748 -0.165354 -0.976378 
vn -0.15748 -0.165354 -0.976378 
vn -0.448819 -0.165354 -0.88189 
vn -0.88189 -0.11811 -0.448819 
vn -0.88189 -0.11811 -0.448819 
vn -0.976378 -0.11811 -0.15748 
vn -0.88189 -0.110236 0.448819 
vn -0.88189 -0.110236 0.448819 
vn -0.700787 -0.110236 0.700787 
vn -0.448819 -0.110236 0.88189 
vn -0.15748 -0.110236 0.984252 
vn 0.15748 -0.110236 0.984252 
vn 0.448819 -0.110236 0.88189 
vn 0.700787 -0.110236 0.700787 
vn 0.88189 -0.110236 0.448819 
vn 0.984252 -0.110236 0.15748 
vn 0.984252 -0.110236 -0.15748 
vn 0.88189 -0.110236 -0.448819 
vn 0.700787 -0.110236 -0.700787 
vn 0.700787 -0.110236 -0.700787 
vn 0.448819 -0.110236 -0.88189 
vn 0.15748 -0.110236 -0.984252 
vn -0.15748 -0.110236 -0.984252 
vn -0.448819 -0.110236 -0.88189 
vn -0.700787 -0.110236 -0.700787 
vn -0.700787 -0.110236 -0.700787 
vn -0.88189 -0.110236 -0.448819 
vn -0.984252 -0.110236 -0.15748 
vn -0.889764 0.0708661 0.456693 
vn -0.889764 0.0708661 0.456693 
vn -0.708661 0.0708661 0.708661 
vn -0.448819 0.0708661 0.889764 
vn -0.15748 0.0708661 0.984252 
vn 0.15748 0.0708661 0.984252 
vn 0.456693 0.0708661 0.889764 
vn 0.708661 0.0708661 0.708661 
vn 0.889764 0.0708661 0.456693 
vn 0.984252 0.0708661 0.15748 
vn 0.984252 0.0708661 -0.15748 
vn 0.889764 0.0708661 -0.448819 
vn 0.708661 0.0708661 -0.708661 
vn 0.456693 0.0708661 -0.889764 
vn 0.15748 0.0708661 -0.984252 
vn -0.15748 0.0708661 -0.984252 
vn -0.456693 0.0708661 -0.889764 
vn -0.708661 0.0708661 -0.708661 
vn -0.889764 0.0708661 -0.448819 
vn -0.984252 0.0708661 -0.15748 
vn -0.858268 0.283465 0.433071 
vn -0.858268 0.283465 0.433071 
vn -0.685039 0.275591 0.677165 
vn -0.433071 0.275591 0.858268 
vn -0.149606 0.275591 0.952756 
vn 0.149606 0.275591 0.952756 
vn 0.433071 0.275591 0.858268 
vn 0.677165 0.283465 0.677165 
vn 0.858268 0.283465 0.433071 
vn 0.944882 0.283465 0.149606 
vn 0.944882 0.283465 -0.149606 
vn 0.858268 0.283465 -0.433071 
vn 0.677165 0.283465 -0.677165 
vn 0.433071 0.283465 -0.858268 
vn 0.149606 0.283465 -0.944882 
vn -0.149606 0.283465 -0.944882 
vn -0.433071 0.283465 -0.858268 
vn -0.677165 0.283465 -0.677165 
vn -0.858268 0.283465 -0.433071 
vn -0.944882 0.283465 -0.149606 
vn -0.80315 0.425197 0.409449 
vn -0.80315 0.425197 0.409449 
vn -0.637795 0.433071 0.637795 
vn -0.409449 0.433071 0.80315 
vn -0.141732 0.433071 0.889764 
vn 0.141732 0.433071 0.889764 
vn 0.409449 0.433071 0.80315 
vn 0.637795 0.433071 0.637795 
vn 0.80315 0.425197 0.409449 
vn 0.897638 0.425197 0.141732 
vn 0.897638 0.425197 -0.141732 
vn 0.80315 0.425197 -0.409449 
vn 0.637795 0.425197 -0.637795 
vn 0.409449 0.425197 -0.80315 
vn 0.141732 0.425197 -0.897638 
vn -0.141732 0.425197 -0.897638 
vn -0.409449 0.425197 -0.80315 
vn -0.637795 0.425197 -0.637795 
vn -0.80315 0.425197 -0.409449 
vn -0.897638 0.425197 -0.141732 
vn -0.661417 0.669291 0.338583 
vn -0.661417 0.669291 0.338583 
vn -0.527559 0.669291 0.527559 
vn -0.338583 0.669291 0.661417 
vn -0.11811 0.669291 0.732283 
vn 0.11811 0.669291 0.732283 
vn 0.338583 0.669291 0.661417 
vn 0.527559 0.669291 0.527559 
vn 0.661417 0.669291 0.338583 
vn 0.732283 0.669291 0.11811 
vn 0.732283 0.669291 -0.11811 
vn 0.661417 0.669291 -0.338583 
vn 0.527559 0.669291 -0.527559 
vn 0.338583 0.669291 -0.661417 
vn 0.11811 0.669291 -0.732283 
vn 0.11811 0.669291 -0.732283 
vn -0.11811 0.669291 -0.732283 
vn -0.338583 0.669291 -0.661417 
vn -0.527559 0.669291 -0.527559 
vn -0.661417 0.669291 -0.338583 
vn -0.732283 0.669291 -0.11811 
vn -0.433071 -0.874016 -0.220472 
vn -0.346457 -0.874016 -0.346457 
vn 0 -1 0 
vn -0.480315 -0.874016 -0.0787402 
vn 0 1 0 
vn 0 1 0 
vn 0 1 0 
vn 0 1 0 
vn 0 1 0 
vn 0 1 0 
vn 0 1 0 
vn 0 1 0 
vn 0 1 0 
vn 0 1 0 
vn 0 1 0 
vn 0 1 0 
vn 0 1 0 
vn 0 1 0 
vn 0 1 0 
vn 0 1 0 
vn 0 1 0 
vn 0 1 0 
vn 0 1 0 
vn 0 1 0 
vn 0 1 0 
vn 0 1 0 
vn 0 1 0 
vn 0 1 0 
vn 0 1 0 
vn 0 1 0 
vn 0 1 0 
vn 0 1 0 
vn 0 1 0 
vn 0 1 0 
vn 0 1 0 
vn 0 1 0 
vn -0.181102 0.905512 -0.377953 
vn -0.291339 0.905512 -0.299213 
vn -0.370079 0.905512 -0.19685 
vn -0.417323 0.905512 -0.0708661 
vn 0 1 -0.0787402 
vn 0 1 -0.0787402 
vn 0 1 -0.0787402 
vn -0.0314961 1 0.0787402 
vn -0.0314961 1 0.0787402 
vn 0.015748 -0.897638 -0.440945 
vn -0.338583 -0.84252 0.417323 
vn -0.362205 -0.80315 0.472441 
vn -0.125984 -0.80315 -0.574803 
vn -0.125984 -0.80315 -0.574803 
vn 0.259843 0.952756 0.165354 
vn -0.354331 0.393701 0.850394 
vn -0.354331 0.393701 0.850394 
vn -0.354331 0.393701 0.850394 
vn -0.354331 0.393701 0.850394 
vn -0.354331 0.393701 0.850394 
vn -0.354331 0.393701 0.850394 
vn 0.354331 0.393701 0.850394 
vn 0.354331 0.393701 0.850394 
vn 0.850394 0.393701 0.354331 
vn 0.850394 0.393701 0.354331 
vn 0.850394 0.393701 -0.354331 
vn 0.850394 0.393701 -0.354331 
vn 0.354331 0.393701 -0.850394 
vn 0.354331 0.393701 -0.850394 
vn 0.354331 0.393701 -0.850394 
vn 0.354331 0.393701 -0.850394 
vn -0.354331 0.393701 -0.850394 
vn -0.354331 0.393701 -0.850394 
vn -0.850394 0.393701 -0.354331 
vn -0.850394 0.393701 -0.354331 
vn 0 1 0 
vn 0 1 0 
vn -0.0314961 1 -0.0708661 
vn -0.0314961 1 -0.0708661 
vn -0.0314961 1 -0.0708661 
vn -0.00787402 1 0.0866142 
vn -0.00787402 1 0.0866142 
vn -0.141732 -0.897638 -0.425197 
vn -0.173228 -0.84252 0.503937 
vn -0.173228 -0.80315 0.566929 
vn -0.314961 -0.80315 -0.496063 
vn -0.314961 -0.80315 -0.496063 
vn 0.299213 0.952756 0.0708661 
vn -0.0472441 1 -0.0551181 
vn -0.0472441 1 -0.0551181 
vn -0.0472441 1 -0.0551181 
vn 0.023622 1 0.0787402 
vn 0.023622 1 0.0787402 
vn -0.275591 -0.897638 -0.346457 
vn 0.00787402 -0.84252 0.535433 
vn 0.023622 -0.80315 0.590551 
vn -0.464567 -0.80315 -0.362205 
vn -0.464567 -0.80315 -0.362205 
vn 0.307087 0.952756 -0.0393701 
vn -0.0708661 1 -0.0393701 
vn -0.0708661 1 -0.0393701 
vn -0.0708661 1 -0.0393701 
vn 0.0472441 1 0.0708661 
vn 0.0472441 1 0.0708661 
vn -0.377953 -0.897638 -0.23622 
vn 0.188976 -0.84252 0.496063 
vn 0.228346 -0.80315 0.551181 
vn -0.566929 -0.80315 -0.181102 
vn -0.566929 -0.80315 -0.181102 
vn 0.275591 0.952756 -0.141732 
vn -0.0787402 1 -0.015748 
vn -0.0787402 1 -0.015748 
vn -0.0787402 1 -0.015748 
vn 0.0708661 1 0.0472441 
vn 0.0708661 1 0.0472441 
vn -0.433071 -0.897638 -0.0944882 
vn 0.346457 -0.84252 0.401575 
vn 0.401575 -0.80315 0.433071 
vn -0.590551 -0.80315 0.023622 
vn -0.590551 -0.80315 0.023622 
vn 0.212598 0.952756 -0.228346 
vn -0.0787402 1 0.015748 
vn -0.0787402 1 0.015748 
vn -0.0787402 1 0.015748 
vn 0.0787402 1 0.023622 
vn 0.0787402 1 0.023622 
vn -0.440945 -0.897638 0.0629921 
vn 0.464567 -0.84252 0.259843 
vn 0.527559 -0.80315 0.275591 
vn -0.543307 -0.80315 0.228346 
vn -0.543307 -0.80315 0.228346 
vn 0.11811 0.952756 -0.283465 
vn -0.0629921 1 0.0393701 
vn -0.0629921 1 0.0393701 
vn -0.0629921 1 0.0393701 
vn 0.0787402 1 -0.00787402 
vn 0.0787402 1 -0.00787402 
vn -0.393701 -0.897638 0.212598 
vn 0.527559 -0.84252 0.0866142 
vn 0.590551 -0.80315 0.0787402 
vn -0.433071 -0.80315 0.401575 
vn -0.433071 -0.80315 0.401575 
vn 0.015748 0.952756 -0.307087 
vn -0.0472441 1 0.0629921 
vn -0.0472441 1 0.0629921 
vn -0.0472441 1 0.0629921 
vn 0.0787402 1 -0.0314961 
vn 0.0787402 1 -0.0314961 
vn -0.299213 -0.897638 0.330709 
vn 0.527559 -0.84252 -0.102362 
vn 0.582677 -0.80315 -0.125984 
vn -0.275591 -0.80315 0.519685 
vn -0.275591 -0.80315 0.519685 
vn -0.0866142 0.952756 -0.291339 
vn -0.023622 1 0.0708661 
vn -0.023622 1 0.0708661 
vn -0.023622 1 0.0708661 
vn 0.0551181 1 -0.0551181 
vn 0.0551181 1 -0.0551181 
vn -0.165354 -0.897638 0.409449 
vn 0.456693 -0.84252 -0.275591 
vn 0.503937 -0.80315 -0.322835 
vn -0.0787402 -0.80315 0.582677 
vn -0.0787402 -0.80315 0.582677 
vn -0.181102 0.952756 -0.244094 
vn 0 1 0.0787402 
vn 0 1 0.0787402 
vn 0 1 0.0787402 
vn 0.0314961 1 -0.0787402 
vn 0.0314961 1 -0.0787402 
vn -0.015748 -0.897638 0.440945 
vn 0.338583 -0.84252 -0.417323 
vn 0.362205 -0.80315 -0.472441 
vn 0.125984 -0.80315 0.574803 
vn 0.125984 -0.80315 0.574803 
vn -0.259843 0.952756 -0.165354 
vn 0.0314961 1 0.0708661 
vn 0.0314961 1 0.0708661 
vn 0.0314961 1 0.0708661 
vn 0.00787402 1 -0.0787402 
vn 0.00787402 1 -0.0787402 
vn 0.141732 -0.897638 0.425197 
vn 0.173228 -0.84252 -0.503937 
vn 0.181102 -0.80315 -0.566929 
vn 0.314961 -0.80315 0.496063 
vn 0.314961 -0.80315 0.496063 
vn -0.299213 0.952756 -0.0708661 
vn 0.0708661 1 0.0393701 
vn 0.0708661 1 0.0393701 
vn 0.0708661 1 0.0393701 
vn -0.0472441 1 -0.0708661 
vn -0.0472441 1 -0.0708661 
vn 0.377953 -0.897638 0.23622 
vn -0.188976 -0.84252 -0.496063 
vn -0.228346 -0.80315 -0.551181 
vn 0.566929 -0.80315 0.181102 
vn 0.566929 -0.80315 0.181102 
vn -0.275591 0.952756 0.141732 
vn 0.0787402 1 0.00787402 
vn 0.0787402 1 0.00787402 
vn 0.0787402 1 0.00787402 
vn -0.0708661 1 -0.0472441 
vn -0.0708661 1 -0.0472441 
vn 0.433071 -0.897638 0.0944882 
vn -0.346457 -0.84252 -0.401575 
vn -0.401575 -0.80315 -0.433071 
vn 0.590551 -0.80315 -0.023622 
vn 0.590551 -0.80315 -0.023622 
vn -0.212598 0.952756 0.228346 
vn 0.0787402 1 -0.015748 
vn 0.0787402 1 -0.015748 
vn 0.0787402 1 -0.015748 
vn -0.0787402 1 -0.023622 
vn -0.0787402 1 -0.023622 
vn 0.440945 -0.897638 -0.0629921 
vn -0.464567 -0.84252 -0.259843 
vn -0.527559 -0.80315 -0.275591 
vn 0.543307 -0.80315 -0.228346 
vn 0.543307 -0.80315 -0.228346 
vn -0.11811 0.952756 0.283465 
vn 0.0629921 1 -0.0393701 
vn 0.0629921 1 -0.0393701 
vn 0.0629921 1 -0.0393701 
vn -0.0787402 1 0.00787402 
vn -0.0787402 1 0.00787402 
vn 0.393701 -0.897638 -0.212598 
vn -0.527559 -0.84252 -0.0866142 
vn -0.590551 -0.80315 -0.0787402 
vn 0.433071 -0.80315 -0.401575 
vn 0.433071 -0.80315 -0.401575 
vn -0.015748 0.952756 0.307087 
vn 0.0472441 1 -0.0629921 
vn 0.0472441 1 -0.0629921 
vn 0.0472441 1 -0.0629921 
vn -0.0708661 1 0.0393701 
vn -0.0708661 1 0.0393701 
vn 0.299213 -0.897638 -0.330709 
vn -0.527559 -0.84252 0.102362 
vn -0.582677 -0.80315 0.125984 
vn 0.275591 -0.80315 -0.527559 
vn 0.275591 -0.80315 -0.527559 
vn 0.0866142 0.952756 0.291339 
vn 0.023622 1 -0.0708661 
vn 0.023622 1 -0.0708661 
vn 0.023622 1 -0.0708661 
vn -0.0551181 1 0.0629921 
vn -0.0551181 1 0.0629921 
vn 0.165354 -0.897638 -0.409449 
vn -0.456693 -0.84252 0.275591 
vn -0.496063 -0.80315 0.322835 
vn 0.0787402 -0.80315 -0.582677 
vn 0.0787402 -0.80315 -0.582677 
vn 0.188976 0.952756 0.244094 
vn 0 1 -0.0787402 
vn 0 1 -0.0787402 
vn 0 1 -0.0787402 
vn -0.0314961 1 0.0787402 
vn -0.0314961 1 0.0787402 
vn 0.015748 -0.897638 -0.440945 
vn -0.338583 -0.84252 0.417323 
vn -0.362205 -0.80315 0.472441 
vn -0.125984 -0.80315 -0.574803 
vn -0.125984 -0.80315 -0.574803 
vn 0.259843 0.952756 0.165354 
vn -0.0314961 1 -0.0708661 
vn -0.0314961 1 -0.0708661 
vn -0.0314961 1 -0.0708661 
vn -0.00787402 1 0.0866142 
vn -0.141732 -0.897638 -0.425197 
vn -0.173228 -0.84252 0.503937 
vn -0.173228 -0.80315 0.566929 
vn -0.314961 -0.80315 -0.496063 
vn 0.299213 0.952756 0.0708661 
vn -0.0472441 1 -0.0551181 
vn -0.0472441 1 -0.0551181 
vn -0.0472441 1 -0.0551181 
vn 0.023622 1 0.0787402 
vn -0.275591 -0.897638 -0.346457 
vn 0.00787402 -0.84252 0.535433 
vn 0.023622 -0.80315 0.590551 
vn -0.464567 -0.80315 -0.362205 
vn 0.307087 0.952756 -0.0393701 
vn -0.19685 0.96063 -0.204724 
vn -0.19685 0.96063 -0.204724 
vn -0.19685 0.96063 -0.204724 
vn -0.15748 0.96063 -0.244094 
vn -0.15748 0.96063 -0.244094 
vn 0.0787402 -0.929134 0.362205 
vn 0.433071 -0.88189 0.19685 
vn 0.433071 -0.88189 0.19685 
vn 0.102362 -0.874016 0.472441 
vn -0.244094 0.897638 -0.362205 
vn 0.102362 -0.874016 0.472441 
vn -0.275591 0.96063 -0.0787402 
vn -0.275591 0.96063 -0.0787402 
vn -0.275591 0.96063 -0.0787402 
vn -0.251969 0.96063 -0.133858 
vn -0.251969 0.96063 -0.133858 
vn 0.251969 -0.929134 0.275591 
vn 0.472441 -0.88189 -0.0472441 
vn 0.472441 -0.88189 -0.0472441 
vn 0.322835 -0.874016 0.362205 
vn -0.393701 0.897638 -0.19685 
vn 0.322835 -0.874016 0.362205 
vn -0.275591 0.96063 0.0629921 
vn -0.275591 0.96063 0.0629921 
vn -0.275591 0.96063 0.0629921 
vn -0.283465 0.96063 0.015748 
vn -0.283465 0.96063 0.015748 
vn 0.354331 -0.929134 0.110236 
vn 0.385827 -0.88189 -0.275591 
vn 0.385827 -0.88189 -0.275591 
vn 0.456693 -0.874016 0.149606 
vn -0.440945 0.897638 0.0314961 
vn 0.456693 -0.874016 0.149606 
vn -0.204724 0.96063 0.19685 
vn -0.204724 0.96063 0.19685 
vn -0.204724 0.96063 0.19685 
vn -0.244094 0.96063 0.15748 
vn -0.244094 0.96063 0.15748 
vn 0.362205 -0.929134 -0.0787402 
vn 0.19685 -0.88189 -0.433071 
vn 0.19685 -0.88189 -0.433071 
vn 0.472441 -0.874016 -0.102362 
vn -0.362205 0.897638 0.244094 
vn 0.472441 -0.874016 -0.102362 
vn -0.0787402 0.96063 0.275591 
vn -0.0787402 0.96063 0.275591 
vn -0.0787402 0.96063 0.275591 
vn -0.133858 0.96063 0.251969 
vn -0.133858 0.96063 0.251969 
vn 0.275591 -0.929134 -0.251969 
vn -0.0472441 -0.88189 -0.472441 
vn -0.0472441 -0.88189 -0.472441 
vn 0.362205 -0.874016 -0.322835 
vn -0.19685 0.897638 0.393701 
vn 0.362205 -0.874016 -0.322835 
vn 0.0629921 0.96063 0.275591 
vn 0.0629921 0.96063 0.275591 
vn 0.0629921 0.96063 0.275591 
vn 0.015748 0.96063 0.283465 
vn 0.015748 0.96063 0.283465 
vn 0.110236 -0.929134 -0.354331 
vn -0.275591 -0.88189 -0.385827 
vn -0.275591 -0.88189 -0.385827 
vn 0.149606 -0.874016 -0.456693 
vn 0.0314961 0.897638 0.440945 
vn 0.149606 -0.874016 -0.456693 
vn 0.19685 0.96063 0.204724 
vn 0.19685 0.96063 0.204724 
vn 0.19685 0.96063 0.204724 
vn 0.15748 0.96063 0.244094 
vn 0.15748 0.96063 0.244094 
vn -0.0787402 -0.929134 -0.362205 
vn -0.433071 -0.88189 -0.19685 
vn -0.433071 -0.88189 -0.19685 
vn -0.102362 -0.874016 -0.472441 
vn 0.244094 0.897638 0.362205 
vn -0.102362 -0.874016 -0.472441 
vn 0.275591 0.96063 0.0787402 
vn 0.275591 0.96063 0.0787402 
vn 0.275591 0.96063 0.0787402 
vn 0.251969 0.96063 0.133858 
vn 0.251969 0.96063 0.133858 
vn -0.251969 -0.929134 -0.275591 
vn -0.472441 -0.88189 0.0472441 
vn -0.472441 -0.88189 0.0472441 
vn -0.322835 -0.874016 -0.354331 
vn 0.393701 0.897638 0.19685 
vn -0.322835 -0.874016 -0.354331 
vn 0.275591 0.96063 -0.0629921 
vn 0.275591 0.96063 -0.0629921 
vn 0.275591 0.96063 -0.0629921 
vn 0.283465 0.96063 -0.015748 
vn 0.283465 0.96063 -0.015748 
vn -0.354331 -0.929134 -0.110236 
vn -0.385827 -0.88189 0.275591 
vn -0.385827 -0.88189 0.275591 
vn -0.456693 -0.874016 -0.149606 
vn 0.440945 0.897638 -0.023622 
vn -0.456693 -0.874016 -0.149606 
vn 0.204724 0.96063 -0.19685 
vn 0.204724 0.96063 -0.19685 
vn 0.204724 0.96063 -0.19685 
vn 0.244094 0.96063 -0.15748 
vn 0.244094 0.96063 -0.15748 
vn -0.362205 -0.929134 0.0787402 
vn -0.19685 -0.88189 0.433071 
vn -0.19685 -0.88189 0.433071 
vn -0.472441 -0.874016 0.102362 
vn 0.362205 0.897638 -0.244094 
vn -0.472441 -0.874016 0.102362 
vn 0.173228 0.826772 -0.527559 
vn 0.173228 0.826772 -0.527559 
vn 0.173228 0.826772 -0.527559 
vn 0.228346 0.826772 -0.511811 
vn 0.228346 0.826772 -0.511811 
vn -0.362205 -0.795276 0.488189 
vn -0.023622 -0.748031 0.669291 
vn -0.023622 -0.748031 0.669291 
vn -0.433071 -0.740157 0.511811 
vn 0.267717 0.76378 -0.590551 
vn -0.433071 -0.740157 0.511811 
vn -0.0629921 0.96063 -0.275591 
vn -0.0629921 0.96063 -0.275591 
vn -0.0629921 0.96063 -0.275591 
vn -0.015748 0.96063 -0.283465 
vn -0.015748 0.96063 -0.283465 
vn -0.110236 -0.929134 0.354331 
vn 0.275591 -0.88189 0.385827 
vn 0.275591 -0.88189 0.385827 
vn -0.149606 -0.874016 0.456693 
vn -0.0314961 0.897638 -0.440945 
vn -0.149606 -0.874016 0.456693 
vn -0.15748 0.826772 -0.535433 
vn -0.15748 0.826772 -0.535433 
vn -0.15748 0.826772 -0.535433 
vn -0.110236 0.826772 -0.551181 
vn -0.110236 0.826772 -0.551181 
vn -0.015748 -0.795276 0.606299 
vn 0.362205 -0.748031 0.559055 
vn 0.362205 -0.748031 0.559055 
vn -0.0551181 -0.740157 0.669291 
vn -0.11811 0.76378 -0.637795 
vn -0.0551181 -0.740157 0.669291 
vn -0.440945 0.826772 -0.346457 
vn -0.440945 0.826772 -0.346457 
vn -0.440945 0.826772 -0.346457 
vn -0.401575 0.826772 -0.385827 
vn -0.401575 0.826772 -0.385827 
vn 0.338583 -0.795276 0.503937 
vn 0.622047 -0.748031 0.244094 
vn 0.622047 -0.748031 0.244094 
vn 0.338583 -0.740157 0.582677 
vn -0.464567 0.76378 -0.456693 
vn 0.338583 -0.740157 0.582677 
vn -0.559055 0.826772 -0.0314961 
vn -0.559055 0.826772 -0.0314961 
vn -0.559055 0.826772 -0.0314961 
vn -0.551181 0.826772 -0.0866142 
vn -0.551181 0.826772 -0.0866142 
vn 0.566929 -0.795276 0.220472 
vn 0.653543 -0.740157 -0.149606 
vn 0.653543 -0.740157 -0.149606 
vn 0.606299 -0.740157 0.283465 
vn -0.637795 0.76378 -0.102362 
vn 0.606299 -0.740157 0.283465 
vn -0.472441 0.826772 0.291339 
vn -0.472441 0.826772 0.291339 
vn -0.472441 0.826772 0.291339 
vn -0.503937 0.826772 0.244094 
vn -0.503937 0.826772 0.244094 
vn 0.590551 -0.795276 -0.141732 
vn 0.448819 -0.748031 -0.496063 
vn 0.448819 -0.748031 -0.496063 
vn 0.661417 -0.740157 -0.11811 
vn -0.582677 0.755906 0.283465 
vn 0.661417 -0.740157 -0.11811 
vn -0.220472 0.826772 0.511811 
vn -0.220472 0.826772 0.511811 
vn -0.220472 0.826772 0.511811 
vn -0.267717 0.826772 0.488189 
vn -0.267717 0.826772 0.488189 
vn 0.401575 -0.795276 -0.456693 
vn 0.0787402 -0.748031 -0.661417 
vn 0.0787402 -0.748031 -0.661417 
vn 0.472441 -0.740157 -0.480315 
vn -0.314961 0.76378 0.566929 
vn 0.472441 -0.740157 -0.480315 
vn 0.149606 0.692913 0.700787 
vn 0.149606 0.692913 0.700787 
vn 0.149606 0.692913 0.700787 
vn 0.0787402 0.692913 0.716535 
vn 0.0787402 0.692913 0.716535 
vn 0.102362 -0.645669 -0.755906 
vn -0.314961 -0.748031 -0.590551 
vn -0.314961 -0.748031 -0.590551 
vn 0.110236 -0.740157 -0.661417 
vn 0.0629921 0.76378 0.645669 
vn 0.110236 -0.740157 -0.661417 
vn 0.653543 0.433071 0.622047 
vn 0.653543 0.433071 0.622047 
vn 0.653543 0.433071 0.622047 
vn 0.606299 0.433071 0.669291 
vn 0.606299 0.433071 0.669291 
vn -0.488189 -0.393701 -0.779528 
vn -0.76378 -0.440945 -0.472441 
vn -0.76378 -0.440945 -0.472441 
vn -0.456693 -0.440945 -0.779528 
vn 0.598425 0.448819 0.661417 
vn -0.456693 -0.440945 -0.779528 
vn 0.551181 0.826772 0.0787402 
vn 0.551181 0.826772 0.0787402 
vn 0.551181 0.826772 0.0787402 
vn 0.543307 0.826772 0.133858 
vn 0.543307 0.826772 0.133858 
vn -0.543307 -0.795276 -0.267717 
vn -0.661417 -0.748031 0.0944882 
vn -0.661417 -0.748031 0.0944882 
vn -0.582677 -0.740157 -0.330709 
vn 0.629921 0.755906 0.15748 
vn -0.582677 -0.740157 -0.330709 
vn 0.496063 0.826772 -0.251969 
vn 0.496063 0.826772 -0.251969 
vn 0.496063 0.826772 -0.251969 
vn 0.519685 0.826772 -0.204724 
vn 0.519685 0.826772 -0.204724 
vn -0.598425 -0.795276 0.0944882 
vn -0.488189 -0.748031 0.456693 
vn -0.488189 -0.748031 0.456693 
vn -0.669291 -0.740157 0.0629921 
vn 0.606299 0.755906 -0.228346 
vn -0.669291 -0.740157 0.0629921 
vn 0.834646 0.543307 -0.0393701 
vn 0.834646 0.543307 -0.0393701 
vn 0.834646 0.543307 -0.0393701 
vn 0.84252 0.543307 0.00787402 
vn 0.84252 0.543307 0.00787402 
vn -0.850394 -0.503937 -0.141732 
vn -0.866142 -0.440945 0.23622 
vn -0.866142 -0.440945 0.23622 
vn -0.88189 -0.425197 -0.19685 
vn 0.897638 0.448819 0.015748 
vn -0.88189 -0.425197 -0.19685 
vn 0.708661 0.543307 -0.448819 
vn 0.708661 0.543307 -0.448819 
vn 0.708661 0.543307 -0.448819 
vn 0.732283 0.543307 -0.401575 
vn 0.732283 0.543307 -0.401575 
vn -0.811024 -0.511811 0.291339 
vn -0.637795 -0.440945 0.629921 
vn -0.637795 -0.440945 0.629921 
vn -0.866142 -0.440945 0.251969 
vn 0.787402 0.448819 -0.417323 
vn -0.866142 -0.440945 0.251969 
vn 0.283465 0.543307 -0.787402 
vn 0.283465 0.543307 -0.787402 
vn 0.283465 0.543307 -0.787402 
vn 0.330709 0.543307 -0.771654 
vn 0.330709 0.543307 -0.771654 
vn -0.464567 -0.511811 0.724409 
vn -0.11811 -0.440945 0.889764 
vn -0.11811 -0.440945 0.889764 
vn -0.519685 -0.440945 0.732283 
vn 0.362205 0.448819 -0.818898 
vn -0.519685 -0.440945 0.732283 
vn -0.259843 0.543307 -0.795276 
vn -0.259843 0.543307 -0.795276 
vn -0.259843 0.543307 -0.795276 
vn -0.212598 0.543307 -0.811024 
vn -0.212598 0.543307 -0.811024 
vn 0.0866142 -0.511811 0.858268 
vn 0.456693 -0.440945 0.771654 
vn 0.456693 -0.440945 0.771654 
vn 0.0393701 -0.440945 0.897638 
vn -0.212598 0.448819 -0.866142 
vn 0.0393701 -0.440945 0.897638 
vn -0.692913 0.543307 -0.464567 
vn -0.692913 0.543307 -0.464567 
vn -0.692913 0.543307 -0.464567 
vn -0.661417 0.543307 -0.511811 
vn -0.661417 0.543307 -0.511811 
vn 0.590551 -0.511811 0.622047 
vn 0.834646 -0.440945 0.330709 
vn 0.834646 -0.440945 0.330709 
vn 0.582677 -0.440945 0.685039 
vn -0.700787 0.448819 -0.551181 
vn 0.582677 -0.440945 0.685039 
vn -0.834646 0.543307 0.0629921 
vn -0.834646 0.543307 0.0629921 
vn -0.834646 0.543307 0.0629921 
vn -0.834646 0.543307 0.00787402 
vn -0.834646 0.543307 0.00787402 
vn 0.850394 -0.511811 0.125984 
vn 0.858268 -0.440945 -0.251969 
vn 0.858268 -0.440945 -0.251969 
vn 0.88189 -0.440945 0.181102 
vn -0.889764 0.448819 0 
vn 0.88189 -0.440945 0.181102 
vn -0.661417 0.433071 0.606299 
vn -0.661417 0.433071 0.606299 
vn -0.661417 0.433071 0.606299 
vn -0.708661 0.433071 0.559055 
vn -0.708661 0.433071 0.559055 
vn 0.811024 -0.393701 -0.433071 
vn 0.519685 -0.440945 -0.732283 
vn 0.519685 -0.440945 -0.732283 
vn 0.80315 -0.440945 -0.401575 
vn -0.700787 0.448819 0.551181 
vn 0.80315 -0.440945 -0.401575 
vn -0.149606 0.433071 0.889764 
vn -0.149606 0.433071 0.889764 
vn -0.149606 0.433071 0.889764 
vn -0.212598 0.433071 0.874016 
vn -0.212598 0.433071 0.874016 
vn 0.377953 -0.393701 -0.84252 
vn -0.0393701 -0.440945 -0.897638 
vn -0.0393701 -0.440945 -0.897638 
vn 0.385827 -0.440945 -0.811024 
vn -0.220472 0.448819 0.866142 
vn 0.385827 -0.440945 -0.811024 
vn 0.307087 0.433071 0.850394 
vn 0.307087 0.433071 0.850394 
vn 0.307087 0.433071 0.850394 
vn 0.244094 0.433071 0.866142 
vn 0.244094 0.433071 0.866142 
vn -0.0787402 -0.401575 -0.913386 
vn -0.472441 -0.417323 -0.771654 
vn -0.472441 -0.417323 -0.771654 
vn -0.0551181 -0.448819 -0.889764 
vn 0.23622 0.448819 0.866142 
vn -0.0551181 -0.448819 -0.889764 
vn 0.76378 0.543307 0.338583 
vn 0.76378 0.543307 0.338583 
vn 0.76378 0.543307 0.338583 
vn 0.740157 0.543307 0.385827 
vn 0.740157 0.543307 0.385827 
vn -0.692913 -0.511811 -0.511811 
vn -0.88189 -0.440945 -0.181102 
vn -0.88189 -0.440945 -0.181102 
vn -0.692913 -0.440945 -0.574803 
vn 0.787402 0.448819 0.417323 
vn -0.692913 -0.440945 -0.574803 
vn -0.559055 0.314961 0.771654 
vn -0.559055 0.314961 0.771654 
vn -0.559055 0.314961 0.771654 
vn -0.606299 0.314961 0.732283 
vn -0.606299 0.314961 0.732283 
vn 0.724409 -0.275591 -0.629921 
vn 0.393701 -0.291339 -0.874016 
vn 0.393701 -0.291339 -0.874016 
vn 0.740157 -0.283465 -0.606299 
vn -0.614173 0.291339 0.732283 
vn 0.740157 -0.283465 -0.606299 
vn 0.0393701 0.314961 0.952756 
vn 0.0393701 0.314961 0.952756 
vn 0.0393701 0.314961 0.952756 
vn -0.023622 0.314961 0.952756 
vn -0.023622 0.314961 0.952756 
vn 0.181102 -0.275591 -0.944882 
vn -0.220472 -0.291339 -0.929134 
vn -0.220472 -0.291339 -0.929134 
vn 0.212598 -0.283465 -0.937008 
vn -0.0314961 0.291339 0.952756 
vn 0.212598 -0.283465 -0.937008 
vn 0.614173 0.314961 0.724409 
vn 0.614173 0.314961 0.724409 
vn 0.614173 0.314961 0.724409 
vn 0.566929 0.314961 0.76378 
vn 0.566929 0.314961 0.76378 
vn -0.440945 -0.275591 -0.858268 
vn -0.748031 -0.291339 -0.598425 
vn -0.748031 -0.291339 -0.598425 
vn -0.409449 -0.283465 -0.866142 
vn 0.559055 0.291339 0.771654 
vn -0.409449 -0.283465 -0.866142 
vn 0.897638 0.401575 0.19685 
vn 0.897638 0.401575 0.19685 
vn 0.897638 0.401575 0.19685 
vn 0.88189 0.401575 0.244094 
vn 0.88189 0.401575 0.244094 
vn -0.858268 -0.354331 -0.377953 
vn -0.952756 -0.291339 -0.00787402 
vn -0.952756 -0.291339 -0.00787402 
vn -0.858268 -0.283465 -0.433071 
vn 0.92126 0.291339 0.259843 
vn -0.858268 -0.283465 -0.433071 
vn 0.826772 0.401575 -0.401575 
vn 0.826772 0.401575 -0.401575 
vn 0.826772 0.401575 -0.401575 
vn 0.850394 0.401575 -0.354331 
vn 0.850394 0.401575 -0.354331 
vn -0.905512 -0.354331 0.228346 
vn -0.755906 -0.291339 0.582677 
vn -0.755906 -0.291339 0.582677 
vn -0.944882 -0.283465 0.188976 
vn 0.889764 0.291339 -0.362205 
vn -0.944882 -0.283465 0.188976 
vn 0.401575 0.401575 -0.826772 
vn 0.401575 0.401575 -0.826772 
vn 0.401575 0.401575 -0.826772 
vn 0.448819 0.401575 -0.795276 
vn 0.448819 0.401575 -0.795276 
vn -0.574803 -0.354331 0.740157 
vn -0.23622 -0.291339 0.929134 
vn -0.23622 -0.291339 0.929134 
vn -0.629921 -0.283465 0.724409 
vn 0.480315 0.291339 -0.826772 
vn -0.629921 -0.283465 0.724409 
vn -0.188976 0.401575 -0.897638 
vn -0.188976 0.401575 -0.897638 
vn -0.188976 0.401575 -0.897638 
vn -0.133858 0.401575 -0.905512 
vn -0.133858 0.401575 -0.905512 
vn 0.00787402 -0.354331 0.937008 
vn 0.385827 -0.291339 0.874016 
vn 0.385827 -0.291339 0.874016 
vn -0.0472441 -0.283465 0.96063 
vn -0.133858 0.291339 -0.944882 
vn -0.0472441 -0.283465 0.96063 
vn -0.700787 0.401575 -0.590551 
vn -0.700787 0.401575 -0.590551 
vn -0.700787 0.401575 -0.590551 
vn -0.669291 0.401575 -0.629921 
vn -0.669291 0.401575 -0.629921 
vn 0.582677 -0.354331 0.732283 
vn 0.84252 -0.291339 0.456693 
vn 0.84252 -0.291339 0.456693 
vn 0.551181 -0.283465 0.787402 
vn -0.692913 0.291339 -0.661417 
vn 0.551181 -0.283465 0.787402 
vn -0.913386 0.401575 -0.0314961 
vn -0.913386 0.401575 -0.0314961 
vn -0.913386 0.401575 -0.0314961 
vn -0.913386 0.401575 -0.0866142 
vn -0.913386 0.401575 -0.0866142 
vn 0.905512 -0.354331 0.220472 
vn 0.944882 -0.291339 -0.15748 
vn 0.944882 -0.291339 -0.15748 
vn 0.92126 -0.283465 0.275591 
vn -0.952756 0.291339 -0.102362 
vn 0.92126 -0.283465 0.275591 
vn -0.76378 0.314961 0.559055 
vn -0.76378 0.314961 0.559055 
vn -0.76378 0.314961 0.559055 
vn -0.80315 0.314961 0.511811 
vn -0.80315 0.314961 0.511811 
vn 0.88189 -0.275591 -0.377953 
vn 0.645669 -0.291339 -0.708661 
vn 0.645669 -0.291339 -0.708661 
vn 0.897638 -0.283465 -0.346457 
vn -0.811024 0.291339 0.511811 
vn 0.897638 -0.283465 -0.346457 
vn 0.0708661 -0.889764 -0.448819 
vn 0.0708661 -0.889764 -0.448819 
vn 0.141732 0.0866142 -0.984252 
vn 0.212598 -0.0944882 -0.976378 
vn -0.212598 -0.11811 -0.968504 
vn 0.0708661 0.023622 -1 
vn -0.0866142 0.00787402 -1 
vn 0.409449 -0.874016 -0.259843 
vn 0.409449 -0.874016 -0.259843 
vn -0.0629921 0.330709 -0.944882 
vn -0.448819 -0.771654 -0.448819 
vn 0.125984 -0.669291 -0.732283 
vn -0.110236 -0.653543 -0.748031 
vn 0.0629921 0.228346 -0.968504 
vn 0.299213 0.889764 0.354331 
vn 0.299213 0.889764 0.354331 
vn -0.299213 0.889764 0.354331 
vn -0.661417 0.692913 0.291339 
vn 0.669291 0.692913 0.275591 
vn 0.212598 -0.952756 0.228346 
vn 0.244094 -0.92126 0.299213 
vn 0.889764 0.314961 0.322835 
vn 0.598425 -0.606299 0.527559 
vn -0.0314961 -0.944882 0.322835 
vn 0.0708661 -0.952756 0.307087 
vn -0.897638 0.251969 0.370079 
vn 0.291339 0.952756 0.023622 
vn 0.299213 0.889764 0.354331 
vn 0.299213 0.889764 0.354331 
vn 0.377953 0.92126 -0.00787402 
vn -0.377953 0.92126 -0.00787402 
vn 0.377953 0.92126 -0.00787402 
vn 0.299213 0.889764 0.354331 
vn -0.299213 0.889764 0.354331 
vn -0.677165 0.732283 -0.00787402 
vn -0.661417 0.692913 0.291339 
vn 0.669291 0.748031 -0.023622 
vn 0.669291 0.692913 0.275591 
vn 0.433071 -0.897638 -0.0944882 
vn 0.212598 -0.952756 0.228346 
vn 0.244094 -0.92126 0.299213 
vn 0.401575 -0.905512 -0.110236 
vn 0.889764 0.314961 0.322835 
vn 0.874016 0.488189 -0.023622 
vn -0.125984 -0.976378 -0.15748 
vn 0.598425 -0.606299 0.527559 
vn 0.0393701 -0.992126 -0.11811 
vn -0.0314961 -0.944882 0.322835 
vn 0.0393701 -0.992126 -0.11811 
vn 0 -0.992126 -0.11811 
vn 0.0708661 -0.952756 0.307087 
vn -0.0314961 -0.944882 0.322835 
vn -0.913386 0.401575 -0.0393701 
vn -0.897638 0.251969 0.370079 
vn -0.015748 -0.023622 -1 
vn -0.015748 -0.023622 -1 
vn -0.015748 -0.023622 -1 
vn -0.00787402 -0.023622 -1 
vn 0.00787402 -0.023622 -1 
vn -0.00787402 -0.023622 -1 
vn -0.015748 -0.023622 -1 
vn 0.015748 -0.023622 -1 
vn 0.0314961 -0.023622 -1 
vn 0.0472441 -0.015748 -1 
vn 0.102362 -0.015748 -0.992126 
vn -0.0472441 -0.015748 -1 
vn -0.0472441 -0.015748 -1 
vn -0.102362 -0.015748 -0.992126 
vn 0.220472 -0.874016 -0.433071 
vn 0 -1 0 
vn 0 -1 0 
vn 0.0708661 -0.889764 -0.448819 
vn 0.0787402 -0.874016 0.480315 
vn -0.0787402 -0.874016 0.480315 
vn -0.433071 -0.874016 0.220472 
vn -0.433071 -0.874016 0.220472 
vn 0.346457 -0.874016 -0.346457 
vn 0 -1 0 
vn 0.220472 -0.874016 0.433071 
vn 0.433071 -0.874016 -0.220472 
vn 0 -1 0 
vn 0.346457 -0.874016 0.346457 
vn 0.480315 -0.874016 -0.0787402 
vn 0.480315 -0.874016 0.0787402 
vn 0.433071 -0.874016 0.220472 
vn -0.220472 -0.874016 -0.433071 
vn 0 -1 0 
vn -0.220472 -0.874016 0.433071 
vn -0.220472 -0.874016 -0.433071 
vn 0 -1 0 
vn -0.346457 -0.874016 0.346457 

vt 0.103411 0.103701 
vt 0.109743 0.081098 
vt 0.123211 0.083885 
vt 0.123856 0.103187 
vt 0.106854 0.060223 
vt 0.120416 0.063013 
vt 0.100792 0.036357 
vt 0.114234 0.038164 
vt 0.09114 0.010301 
vt 0.104041 0.010428 
vt 0.134985 0.086226 
vt 0.135193 0.103408 
vt 0.130479 0.06372 
vt 0.133107 0.081924 
vt 0.1247 0.03686 
vt 0.130749 0.060904 
vt 0.115223 0.00971299 
vt 0.123853 0.033305 
vt 0.177489 0.248764 
vt 0.164213 0.248764 
vt 0.164213 0.246055 
vt 0.177489 0.246055 
vt 0.152813 0.248764 
vt 0.152813 0.246055 
vt 0.140974 0.248764 
vt 0.131486 0.248764 
vt 0.131486 0.246055 
vt 0.140974 0.246055 
vt 0.122015 0.248764 
vt 0.122015 0.246055 
vt 0.113079 0.248764 
vt 0.103711 0.248764 
vt 0.103711 0.246055 
vt 0.113079 0.246055 
vt 0.095056 0.248764 
vt 0.095056 0.246055 
vt 0.893403 0.989454 
vt 0.889213 0.989454 
vt 0.889213 0.978698 
vt 0.893403 0.978698 
vt 0.086083 0.248764 
vt 0.086083 0.246055 
vt 0.177489 0.242226 
vt 0.164213 0.242226 
vt 0.152813 0.242226 
vt 0.140974 0.242226 
vt 0.131486 0.242226 
vt 0.122015 0.242226 
vt 0.113079 0.242226 
vt 0.103711 0.242226 
vt 0.095056 0.242226 
vt 0.898264 0.989454 
vt 0.898264 0.978698 
vt 0.086083 0.242226 
vt 0.107024 0.080421 
vt 0.10421 0.05921 
vt 0.098247 0.035063 
vt 0.088672 0.00895703 
vt 0.102464 0.078694 
vt 0.099845 0.057628 
vt 0.094227 0.033817 
vt 0.08497 0.00808001 
vt 0.889213 0.966478 
vt 0.893403 0.966478 
vt 0.898264 0.966478 
vt 0.123243 0.122822 
vt 0.109652 0.125837 
vt 0.120484 0.143998 
vt 0.106819 0.146828 
vt 0.114214 0.168937 
vt 0.100753 0.170723 
vt 0.103969 0.196655 
vt 0.091075 0.196761 
vt 0.134788 0.120521 
vt 0.130686 0.143245 
vt 0.133284 0.124775 
vt 0.124721 0.170273 
vt 0.130855 0.146142 
vt 0.11515 0.197391 
vt 0.123824 0.173814 
vt 0.229697 0.246055 
vt 0.229697 0.248764 
vt 0.216091 0.248764 
vt 0.216091 0.246055 
vt 0.196977 0.246055 
vt 0.196977 0.242226 
vt 0.240965 0.246055 
vt 0.240965 0.248764 
vt 0.263509 0.246055 
vt 0.263509 0.248764 
vt 0.25332 0.248764 
vt 0.25332 0.246055 
vt 0.273751 0.246055 
vt 0.273751 0.248764 
vt 0.295908 0.246055 
vt 0.295908 0.248764 
vt 0.285779 0.248764 
vt 0.285779 0.246055 
vt 0.305731 0.246055 
vt 0.305731 0.248764 
vt 0.317454 0.246055 
vt 0.327275 0.246055 
vt 0.327275 0.248764 
vt 0.317454 0.248764 
vt 0.216091 0.242226 
vt 0.229697 0.242226 
vt 0.240965 0.242226 
vt 0.25332 0.242226 
vt 0.263509 0.242226 
vt 0.273751 0.242226 
vt 0.285779 0.242226 
vt 0.295908 0.242226 
vt 0.305731 0.242226 
vt 0.317454 0.242226 
vt 0.327275 0.242226 
vt 0.106901 0.126536 
vt 0.104169 0.147849 
vt 0.098207 0.172015 
vt 0.088607 0.198101 
vt 0.102278 0.128317 
vt 0.099807 0.149436 
vt 0.094186 0.173258 
vt 0.084907 0.198973 
vt 0.33615 0.246055 
vt 0.33615 0.248764 
vt 0.33615 0.242226 
vt 0.196977 0.248764 
vt 0.074985 0.192439 
vt 0.083562 0.165965 
vt 0.087835 0.142999 
vt 0.089226 0.123154 
vt 0.090818 0.104179 
vt 0.089161 0.084122 
vt 0.087867 0.064109 
vt 0.083607 0.041163 
vt 0.075002 0.014633 
vt 0.073619 0.043249 
vt 0.066249 0.020622 
vt 0.078439 0.066411 
vt 0.074335 0.043984 
vt 0.079443 0.082141 
vt 0.078635 0.068536 
vt 0.078195 0.104619 
vt 0.076981 0.087272 
vt 0.077162 0.120094 
vt 0.078701 0.138557 
vt 0.079576 0.125066 
vt 0.074282 0.163137 
vt 0.078399 0.14069 
vt 0.066249 0.186467 
vt 0.073595 0.163887 
vt 0.197577 0.225034 
vt 0.197577 0.219966 
vt 0.213804 0.219966 
vt 0.213804 0.225034 
vt 0.374704 0.091216 
vt 0.294641 0.099613 
vt 0.293571 0.057976 
vt 0.373505 0.057146 
vt 0.399848 0.09286 
vt 0.391194 0.093984 
vt 0.389959 0.056419 
vt 0.398599 0.056867 
vt 0.109434 0.225034 
vt 0.046868 0.225034 
vt 0.046868 0.219966 
vt 0.109434 0.219966 
vt 0.230301 0.091503 
vt 0.22904 0.059046 
vt 0.153195 0.219966 
vt 0.153195 0.225034 
vt 0.193837 0.083725 
vt 0.193066 0.059417 
vt 0.180344 0.219966 
vt 0.180344 0.225034 
vt 0.170638 0.073484 
vt 0.161632 0.059304 
vt 0.153195 0.23679 
vt 0.109434 0.23679 
vt 0.109434 0.229852 
vt 0.153195 0.229852 
vt 0.046868 0.23679 
vt 0.046868 0.229852 
vt 0.381467 0.055626 
vt 0.382751 0.092958 
vt 0.163207 0.074242 
vt 0.154668 0.059354 
vt 0.197577 0.23679 
vt 0.180344 0.23679 
vt 0.180344 0.229852 
vt 0.197577 0.229852 
vt 0.213804 0.229852 
vt 0.225299 0.219966 
vt 0.225299 0.225034 
vt 0.292409 0.01712 
vt 0.374218 0.020716 
vt 0.389955 0.019769 
vt 0.398474 0.021787 
vt 0.302553 0.225034 
vt 0.302553 0.219966 
vt 0.353656 0.219966 
vt 0.353656 0.225034 
vt 0.227857 0.027498 
vt 0.266076 0.219966 
vt 0.266076 0.225034 
vt 0.195428 0.034908 
vt 0.241947 0.225034 
vt 0.241947 0.219966 
vt 0.173073 0.04392 
vt 0.302553 0.229852 
vt 0.302553 0.234441 
vt 0.266076 0.234441 
vt 0.266076 0.229852 
vt 0.353656 0.229852 
vt 0.353656 0.234441 
vt 0.382345 0.019449 
vt 0.16582 0.043307 
vt 0.189488 0.033465 
vt 0.22302 0.024386 
vt 0.241947 0.229852 
vt 0.225299 0.229852 
vt 0.602907 0.038471 
vt 0.614706 0.053619 
vt 0.581403 0.054171 
vt 0.579808 0.029176 
vt 0.606276 0.068119 
vt 0.583291 0.078703 
vt 0.544795 0.086929 
vt 0.544653 0.054339 
vt 0.544248 0.022887 
vt 0.479186 0.057488 
vt 0.479985 0.098957 
vt 0.479347 0.01712 
vt 0.019863 0.085774 
vt 0.03001 0.084356 
vt 0.035084 0.10368 
vt 0.020602 0.103945 
vt 0.02081 0.068298 
vt 0.031134 0.067347 
vt 0.023947 0.049442 
vt 0.034101 0.04927 
vt 0.029394 0.02962 
vt 0.039188 0.030565 
vt 0.009894 0.088442 
vt 0.010522 0.104448 
vt 0.012338 0.069576 
vt 0.011423 0.084294 
vt 0.015355 0.048886 
vt 0.012316 0.066886 
vt 0.020535 0.029218 
vt 0.015884 0.04625 
vt 0.168033 0.271781 
vt 0.168033 0.283129 
vt 0.183605 0.283129 
vt 0.183605 0.271781 
vt 0.154183 0.271781 
vt 0.154183 0.283129 
vt 0.123078 0.271781 
vt 0.123078 0.283129 
vt 0.135743 0.283129 
vt 0.135743 0.271781 
vt 0.110686 0.271781 
vt 0.110686 0.283129 
vt 0.081531 0.271781 
vt 0.081531 0.283129 
vt 0.094455 0.283129 
vt 0.094455 0.271781 
vt 0.069697 0.271781 
vt 0.069697 0.283129 
vt 0.041606 0.271781 
vt 0.041606 0.283129 
vt 0.054015 0.283129 
vt 0.054015 0.271781 
vt 0.168033 0.254221 
vt 0.183605 0.254221 
vt 0.154183 0.254221 
vt 0.123078 0.254221 
vt 0.135743 0.254221 
vt 0.110686 0.254221 
vt 0.094455 0.254221 
vt 0.081531 0.254221 
vt 0.069697 0.254221 
vt 0.054015 0.254221 
vt 0.041606 0.254221 
vt 0.031922 0.084191 
vt 0.033012 0.066948 
vt 0.035907 0.048643 
vt 0.040935 0.029878 
vt 0.035123 0.08346 
vt 0.036121 0.066393 
vt 0.038834 0.048289 
vt 0.043655 0.029725 
vt 0.031629 0.271781 
vt 0.031629 0.283129 
vt 0.031629 0.254221 
vt 0.031595 0.123095 
vt 0.021199 0.122354 
vt 0.034147 0.139999 
vt 0.023438 0.140022 
vt 0.0389 0.156586 
vt 0.028538 0.159635 
vt 0.044559 0.168767 
vt 0.044822 0.179555 
vt 0.011186 0.120442 
vt 0.014745 0.139344 
vt 0.01274 0.124473 
vt 0.019516 0.161036 
vt 0.014601 0.142318 
vt 0.034889 0.184507 
vt 0.020929 0.167378 
vt 0.231723 0.283129 
vt 0.247264 0.283129 
vt 0.247264 0.271781 
vt 0.231723 0.271781 
vt 0.208936 0.271781 
vt 0.208936 0.254221 
vt 0.261018 0.283129 
vt 0.261018 0.271781 
vt 0.275616 0.283129 
vt 0.287703 0.283129 
vt 0.287703 0.271781 
vt 0.275616 0.271781 
vt 0.299575 0.283129 
vt 0.299575 0.271781 
vt 0.314118 0.283129 
vt 0.326329 0.283129 
vt 0.326329 0.271781 
vt 0.314118 0.271781 
vt 0.337534 0.283129 
vt 0.337534 0.271781 
vt 0.351246 0.283129 
vt 0.362736 0.283129 
vt 0.362736 0.271781 
vt 0.351246 0.271781 
vt 0.247264 0.254221 
vt 0.231723 0.254221 
vt 0.261018 0.254221 
vt 0.287703 0.254221 
vt 0.275616 0.254221 
vt 0.299575 0.254221 
vt 0.314118 0.254221 
vt 0.326329 0.254221 
vt 0.337534 0.254221 
vt 0.351246 0.254221 
vt 0.362736 0.254221 
vt 0.033535 0.123111 
vt 0.036016 0.140213 
vt 0.040503 0.156894 
vt 0.045511 0.168506 
vt 0.036823 0.123611 
vt 0.039093 0.140495 
vt 0.043103 0.156919 
vt 0.046268 0.167834 
vt 0.047039 0.178393 
vt 0.050902 0.174198 
vt 0.208936 0.283129 
vt 0.05205 0.154947 
vt 0.048933 0.137362 
vt 0.046993 0.120805 
vt 0.045115 0.103703 
vt 0.045567 0.085541 
vt 0.046144 0.068925 
vt 0.048296 0.051418 
vt 0.052521 0.032496 
vt 0.060109 0.036073 
vt 0.056448 0.052382 
vt 0.056126 0.053133 
vt 0.05409 0.070006 
vt 0.054075 0.072254 
vt 0.053733 0.083367 
vt 0.055928 0.08774 
vt 0.055614 0.103675 
vt 0.057037 0.11781 
vt 0.055333 0.122308 
vt 0.056584 0.133385 
vt 0.056908 0.135842 
vt 0.059873 0.152792 
vt 0.060109 0.15626 
vt 0.059137 0.172858 
vt 0.248044 0.84623 
vt 0.264059 0.875075 
vt 0.341041 0.836965 
vt 0.317106 0.796032 
vt 0.275537 0.906596 
vt 0.359685 0.881436 
vt 0.281804 0.940294 
vt 0.373007 0.930973 
vt 0.283743 0.977765 
vt 0.378338 0.989543 
vt 0.281804 0.940294 
vt 0.375571 0.929715 
vt 0.275537 0.906596 
vt 0.36131 0.880236 
vt 0.264059 0.875075 
vt 0.34186 0.836396 
vt 0.248044 0.84623 
vt 0.317515 0.796497 
vt 0.223434 0.819065 
vt 0.287587 0.759487 
vt 0.198949 0.79601 
vt 0.250144 0.726169 
vt 0.170058 0.779678 
vt 0.204162 0.699356 
vt 0.138417 0.76992 
vt 0.148378 0.682711 
vt 0.105472 0.76828 
vt 0.085998 0.675101 
vt 0.105472 0.76828 
vt 0.138417 0.76992 
vt 0.152696 0.67806 
vt 0.093762 0.66588 
vt 0.170058 0.779678 
vt 0.205838 0.696179 
vt 0.198949 0.79601 
vt 0.250712 0.723831 
vt 0.223434 0.819065 
vt 0.28734 0.758082 
vt 0.357586 0.768655 
vt 0.384486 0.814301 
vt 0.407623 0.863746 
vt 0.429671 0.921059 
vt 0.448345 0.977533 
vt 0.432499 0.918114 
vt 0.448345 0.977534 
vt 0.408587 0.861749 
vt 0.384679 0.813588 
vt 0.357283 0.768641 
vt 0.325103 0.726171 
vt 0.284658 0.683338 
vt 0.231118 0.642527 
vt 0.158116 0.616105 
vt 0.163913 0.6178 
vt 0.233182 0.641591 
vt 0.285938 0.681708 
vt 0.325867 0.72525 
vt 0.403752 0.739446 
vt 0.432507 0.788576 
vt 0.459352 0.840053 
vt 0.48555 0.896962 
vt 0.514829 0.955494 
vt 0.486857 0.892652 
vt 0.459372 0.836906 
vt 0.431561 0.786726 
vt 0.402115 0.738915 
vt 0.369976 0.691021 
vt 0.332028 0.639974 
vt 0.283887 0.5768 
vt 0.249351 0.533263 
vt 0.256756 0.392809 
vt 0.232254 0.390895 
vt 0.229584 0.310232 
vt 0.255614 0.306493 
vt 0.264392 0.392863 
vt 0.238212 0.392451 
vt 0.253132 0.480018 
vt 0.285955 0.573283 
vt 0.334352 0.638262 
vt 0.37202 0.690451 
vt 0.455606 0.708496 
vt 0.485264 0.758722 
vt 0.515488 0.810286 
vt 0.547556 0.865486 
vt 0.584661 0.92034 
vt 0.547222 0.85971 
vt 0.513891 0.806276 
vt 0.482748 0.755999 
vt 0.452765 0.707242 
vt 0.422566 0.657383 
vt 0.392386 0.603302 
vt 0.360926 0.539002 
vt 0.339867 0.467352 
vt 0.239784 0.484833 
vt 0.33537 0.388983 
vt 0.336262 0.298184 
vt 0.341231 0.387394 
vt 0.346687 0.464662 
vt 0.26356 0.545749 
vt 0.365867 0.535961 
vt 0.396318 0.601794 
vt 0.425901 0.657152 
vt 0.510858 0.676804 
vt 0.540109 0.724806 
vt 0.572678 0.773561 
vt 0.609595 0.824447 
vt 0.652152 0.870171 
vt 0.607029 0.817458 
vt 0.568908 0.768526 
vt 0.535948 0.72166 
vt 0.506561 0.675152 
vt 0.479287 0.626611 
vt 0.45495 0.57418 
vt 0.434749 0.51613 
vt 0.421784 0.453217 
vt 0.416158 0.384717 
vt 0.417331 0.299411 
vt 0.422045 0.382164 
vt 0.427843 0.450915 
vt 0.44041 0.514177 
vt 0.460094 0.573169 
vt 0.484042 0.62677 
vt 0.60022 0.684614 
vt 0.572774 0.64144 
vt 0.633534 0.725993 
vt 0.673074 0.767963 
vt 0.715135 0.799377 
vt 0.666542 0.760024 
vt 0.627641 0.72096 
vt 0.594157 0.681359 
vt 0.566399 0.639741 
vt 0.543113 0.595822 
vt 0.524286 0.549155 
vt 0.510423 0.498358 
vt 0.502837 0.443822 
vt 0.502863 0.385895 
vt 0.511105 0.309052 
vt 0.509543 0.383202 
vt 0.509506 0.441641 
vt 0.51697 0.496791 
vt 0.530703 0.548401 
vt 0.54952 0.596195 
vt 0.612499 0.618242 
vt 0.638211 0.656976 
vt 0.669407 0.693574 
vt 0.707313 0.72794 
vt 0.746037 0.749854 
vt 0.698623 0.720454 
vt 0.661379 0.688342 
vt 0.630466 0.653815 
vt 0.604776 0.61681 
vt 0.584101 0.577202 
vt 0.567947 0.535108 
vt 0.557507 0.49001 
vt 0.553129 0.441857 
vt 0.556107 0.391024 
vt 0.568928 0.323947 
vt 0.563386 0.388376 
vt 0.560316 0.439663 
vt 0.564705 0.488364 
vt 0.57524 0.534223 
vt 0.59157 0.577408 
vt 0.667019 0.585677 
vt 0.68917 0.616918 
vt 0.715494 0.645609 
vt 0.747098 0.670506 
vt 0.772198 0.680332 
vt 0.735321 0.663884 
vt 0.704194 0.641347 
vt 0.678419 0.614603 
vt 0.657237 0.584768 
vt 0.640036 0.552506 
vt 0.627824 0.517819 
vt 0.62025 0.481418 
vt 0.618434 0.443394 
vt 0.623654 0.40434 
vt 0.637285 0.352853 
vt 0.637285 0.352854 
vt 0.631419 0.40195 
vt 0.626277 0.44095 
vt 0.628405 0.479283 
vt 0.636446 0.516347 
vt 0.649159 0.552059 
vt 0.967598 0.984662 
vt 0.954093 0.989049 
vt 0.972956 0.970186 
vt 0.979085 0.976315 
vt 0.970277 0.15107 
vt 0.97823 0.162015 
vt 0.909123 0.15107 
vt 0.98241 0.174882 
vt 0.98241 0.188412 
vt 0.97823 0.201279 
vt 0.970277 0.212224 
vt 0.959332 0.220176 
vt 0.946465 0.224357 
vt 0.932936 0.224357 
vt 0.920069 0.220176 
vt 0.909123 0.212224 
vt 0.901171 0.201279 
vt 0.89699 0.188411 
vt 0.89699 0.174882 
vt 0.901171 0.162015 
vt 0.703624 0.596374 
vt 0.684629 0.569862 
vt 0.726386 0.619571 
vt 0.761084 0.64182 
vt 0.783256 0.650546 
vt 0.761084 0.64182 
vt 0.726386 0.619571 
vt 0.703624 0.596374 
vt 0.684629 0.569862 
vt 0.669349 0.540939 
vt 0.658309 0.510066 
vt 0.651695 0.477838 
vt 0.650221 0.444858 
vt 0.65477 0.411917 
vt 0.665746 0.367835 
vt 0.65477 0.411917 
vt 0.650221 0.444858 
vt 0.651695 0.477838 
vt 0.658309 0.510066 
vt 0.669349 0.540939 
vt 0.70205 0.043787 
vt 0.70205 0.028088 
vt 0.780758 0.046735 
vt 0.70205 0.010123 
vt 0.70205 0.080799 
vt 0.70205 0.061855 
vt 0.646987 0.043787 
vt 0.646987 0.061855 
vt 0.646987 0.080799 
vt 0.646987 0.010123 
vt 0.646987 0.028088 
vt 0.828635 0.1852 
vt 0.792581 0.236888 
vt 0.769848 0.214655 
vt 0.823017 0.175566 
vt 0.854479 0.181422 
vt 0.888329 0.238281 
vt 0.858653 0.249942 
vt 0.845586 0.188177 
vt 0.823418 0.250026 
vt 0.836303 0.189196 
vt 0.791317 0.235843 
vt 0.828062 0.184716 
vt 0.768965 0.213376 
vt 0.822484 0.175147 
vt 0.854986 0.181725 
vt 0.889465 0.238089 
vt 0.859976 0.250088 
vt 0.846187 0.188537 
vt 0.824812 0.250613 
vt 0.836908 0.189652 
vt 0.839652 0.175566 
vt 0.839033 0.175147 
vt 0.70205 0.043787 
vt 0.70205 0.061855 
vt 0.780758 0.046735 
vt 0.70205 0.080799 
vt 0.70205 0.010123 
vt 0.70205 0.028088 
vt 0.646988 0.043787 
vt 0.646988 0.028088 
vt 0.646988 0.010123 
vt 0.646988 0.080799 
vt 0.646988 0.061855 
vt 0.70205 0.043787 
vt 0.70205 0.028088 
vt 0.780758 0.046735 
vt 0.70205 0.010123 
vt 0.70205 0.080799 
vt 0.70205 0.061855 
vt 0.646988 0.043787 
vt 0.646988 0.061855 
vt 0.646988 0.080799 
vt 0.646988 0.010123 
vt 0.646988 0.028088 
vt 0.70205 0.043787 
vt 0.70205 0.061855 
vt 0.780758 0.046735 
vt 0.70205 0.080799 
vt 0.70205 0.010123 
vt 0.70205 0.028088 
vt 0.646988 0.043787 
vt 0.646988 0.028088 
vt 0.646988 0.010123 
vt 0.646988 0.080799 
vt 0.646988 0.061855 
vt 0.70205 0.043787 
vt 0.70205 0.028088 
vt 0.780758 0.046735 
vt 0.70205 0.010123 
vt 0.70205 0.080799 
vt 0.70205 0.061855 
vt 0.646988 0.043787 
vt 0.646988 0.061855 
vt 0.646988 0.080799 
vt 0.646988 0.010123 
vt 0.646988 0.028088 
vt 0.70205 0.043787 
vt 0.70205 0.028088 
vt 0.780757 0.046735 
vt 0.70205 0.010123 
vt 0.70205 0.080799 
vt 0.70205 0.061855 
vt 0.646988 0.043787 
vt 0.646988 0.061855 
vt 0.646988 0.080799 
vt 0.646988 0.010123 
vt 0.646988 0.028088 
vt 0.70205 0.043787 
vt 0.70205 0.028088 
vt 0.780758 0.046735 
vt 0.70205 0.010123 
vt 0.70205 0.080799 
vt 0.70205 0.061855 
vt 0.646988 0.043787 
vt 0.646988 0.061855 
vt 0.646988 0.080799 
vt 0.646988 0.010123 
vt 0.646988 0.028088 
vt 0.70205 0.043787 
vt 0.70205 0.028088 
vt 0.780758 0.046735 
vt 0.70205 0.010123 
vt 0.70205 0.080799 
vt 0.70205 0.061855 
vt 0.646988 0.043787 
vt 0.646988 0.061855 
vt 0.646988 0.080799 
vt 0.646988 0.010123 
vt 0.646988 0.028088 
vt 0.70205 0.043787 
vt 0.70205 0.061855 
vt 0.780758 0.046735 
vt 0.70205 0.080799 
vt 0.70205 0.010123 
vt 0.70205 0.028088 
vt 0.646988 0.043787 
vt 0.646988 0.028088 
vt 0.646988 0.010123 
vt 0.646988 0.080799 
vt 0.646988 0.061855 
vt 0.70205 0.043787 
vt 0.70205 0.028088 
vt 0.780758 0.046735 
vt 0.70205 0.010123 
vt 0.70205 0.080799 
vt 0.70205 0.061855 
vt 0.646988 0.043787 
vt 0.646988 0.061855 
vt 0.646988 0.080799 
vt 0.646988 0.010123 
vt 0.646988 0.028088 
vt 0.70205 0.043787 
vt 0.70205 0.028088 
vt 0.780757 0.046735 
vt 0.70205 0.010123 
vt 0.70205 0.080799 
vt 0.70205 0.061855 
vt 0.646987 0.043787 
vt 0.646987 0.061855 
vt 0.646987 0.080799 
vt 0.646987 0.010123 
vt 0.646987 0.028088 
vt 0.70205 0.043787 
vt 0.70205 0.028088 
vt 0.780758 0.046735 
vt 0.70205 0.010123 
vt 0.70205 0.080799 
vt 0.70205 0.061855 
vt 0.646988 0.043787 
vt 0.646988 0.061855 
vt 0.646988 0.080799 
vt 0.646988 0.010123 
vt 0.646988 0.028088 
vt 0.70205 0.043787 
vt 0.70205 0.028088 
vt 0.780758 0.046735 
vt 0.70205 0.010123 
vt 0.70205 0.080799 
vt 0.70205 0.061855 
vt 0.646988 0.043787 
vt 0.646988 0.061855 
vt 0.646988 0.080799 
vt 0.646988 0.010123 
vt 0.646988 0.028088 
vt 0.70205 0.043787 
vt 0.70205 0.061855 
vt 0.780758 0.046735 
vt 0.70205 0.080799 
vt 0.70205 0.010123 
vt 0.70205 0.028088 
vt 0.646988 0.043787 
vt 0.646988 0.028088 
vt 0.646988 0.010123 
vt 0.646988 0.080799 
vt 0.646988 0.061855 
vt 0.70205 0.043787 
vt 0.70205 0.028088 
vt 0.780758 0.046735 
vt 0.70205 0.010123 
vt 0.70205 0.080799 
vt 0.70205 0.061855 
vt 0.646988 0.043787 
vt 0.646988 0.061855 
vt 0.646988 0.080799 
vt 0.646988 0.010123 
vt 0.646988 0.028088 
vt 0.70205 0.043787 
vt 0.70205 0.028088 
vt 0.780757 0.046735 
vt 0.70205 0.010123 
vt 0.70205 0.080799 
vt 0.70205 0.061855 
vt 0.646988 0.043787 
vt 0.646988 0.061855 
vt 0.646988 0.080799 
vt 0.646988 0.010123 
vt 0.646988 0.028088 
vt 0.70205 0.043787 
vt 0.70205 0.061855 
vt 0.780757 0.046735 
vt 0.70205 0.080799 
vt 0.70205 0.010123 
vt 0.70205 0.028088 
vt 0.646988 0.043787 
vt 0.646988 0.028088 
vt 0.646988 0.010123 
vt 0.646988 0.080799 
vt 0.646988 0.061855 
vt 0.70205 0.043787 
vt 0.70205 0.061855 
vt 0.780758 0.046735 
vt 0.70205 0.080799 
vt 0.70205 0.010123 
vt 0.70205 0.028088 
vt 0.646988 0.043787 
vt 0.646988 0.028088 
vt 0.646988 0.010123 
vt 0.646988 0.080799 
vt 0.646988 0.061855 
vt 0.858879 0.975303 
vt 0.858879 0.963709 
vt 0.86395 0.968794 
vt 0.869227 0.963709 
vt 0.869227 0.975303 
vt 0.842909 0.990027 
vt 0.884303 0.990027 
vt 0.884303 0.948633 
vt 0.842909 0.948633 
vt 0.869227 0.974775 
vt 0.858878 0.974775 
vt 0.86395 0.968266 
vt 0.858878 0.963182 
vt 0.869227 0.963182 
vt 0.884303 0.989499 
vt 0.884303 0.948105 
vt 0.842909 0.948105 
vt 0.842909 0.989499 
vt 0.70205 0.043787 
vt 0.70205 0.028088 
vt 0.780757 0.046735 
vt 0.70205 0.010123 
vt 0.70205 0.080799 
vt 0.70205 0.061855 
vt 0.646988 0.061855 
vt 0.646988 0.043787 
vt 0.646988 0.080799 
vt 0.646988 0.028088 
vt 0.646988 0.010123 
vt 0.70205 0.043787 
vt 0.70205 0.028088 
vt 0.780757 0.046735 
vt 0.70205 0.010123 
vt 0.70205 0.080799 
vt 0.70205 0.061855 
vt 0.646988 0.061855 
vt 0.646988 0.043787 
vt 0.646988 0.080799 
vt 0.646988 0.028088 
vt 0.646988 0.010123 
vt 0.70205 0.043787 
vt 0.70205 0.028088 
vt 0.780757 0.046735 
vt 0.70205 0.010123 
vt 0.70205 0.080799 
vt 0.70205 0.061855 
vt 0.646988 0.061855 
vt 0.646988 0.043787 
vt 0.646988 0.080799 
vt 0.646988 0.028088 
vt 0.646988 0.010123 
vt 0.70205 0.043787 
vt 0.70205 0.028088 
vt 0.780757 0.046735 
vt 0.70205 0.010123 
vt 0.70205 0.080799 
vt 0.70205 0.061855 
vt 0.646988 0.061855 
vt 0.646988 0.043787 
vt 0.646988 0.080799 
vt 0.646988 0.028088 
vt 0.646988 0.010123 
vt 0.70205 0.043787 
vt 0.70205 0.028088 
vt 0.780757 0.046735 
vt 0.70205 0.010123 
vt 0.70205 0.080799 
vt 0.70205 0.061855 
vt 0.646988 0.061855 
vt 0.646988 0.043787 
vt 0.646988 0.080799 
vt 0.646988 0.028088 
vt 0.646988 0.010123 
vt 0.70205 0.043787 
vt 0.70205 0.028088 
vt 0.780757 0.046735 
vt 0.70205 0.010123 
vt 0.70205 0.080799 
vt 0.70205 0.061855 
vt 0.646988 0.061855 
vt 0.646988 0.043787 
vt 0.646988 0.080799 
vt 0.646988 0.028088 
vt 0.646988 0.010123 
vt 0.70205 0.043787 
vt 0.70205 0.028088 
vt 0.780757 0.046735 
vt 0.70205 0.010123 
vt 0.70205 0.080799 
vt 0.70205 0.061855 
vt 0.646988 0.061855 
vt 0.646988 0.043787 
vt 0.646988 0.080799 
vt 0.646988 0.028088 
vt 0.646988 0.010123 
vt 0.70205 0.043787 
vt 0.70205 0.028088 
vt 0.780757 0.046735 
vt 0.70205 0.010123 
vt 0.70205 0.080799 
vt 0.70205 0.061855 
vt 0.646988 0.061855 
vt 0.646988 0.043787 
vt 0.646988 0.080799 
vt 0.646988 0.028088 
vt 0.646988 0.010123 
vt 0.70205 0.043787 
vt 0.70205 0.028088 
vt 0.780757 0.046735 
vt 0.70205 0.010123 
vt 0.70205 0.080799 
vt 0.70205 0.061855 
vt 0.646988 0.061855 
vt 0.646988 0.043787 
vt 0.646988 0.080799 
vt 0.646988 0.028088 
vt 0.646988 0.010123 
vt 0.70205 0.043787 
vt 0.70205 0.028088 
vt 0.780757 0.046735 
vt 0.70205 0.010123 
vt 0.70205 0.080799 
vt 0.70205 0.061855 
vt 0.646988 0.061855 
vt 0.646988 0.043787 
vt 0.646988 0.080799 
vt 0.646988 0.028088 
vt 0.646988 0.010123 
vt 0.70205 0.043787 
vt 0.70205 0.028088 
vt 0.780757 0.046735 
vt 0.70205 0.010123 
vt 0.70205 0.080799 
vt 0.70205 0.061855 
vt 0.646987 0.061855 
vt 0.646987 0.043787 
vt 0.646987 0.080799 
vt 0.646987 0.028088 
vt 0.646987 0.010123 
vt 0.70205 0.043787 
vt 0.70205 0.028088 
vt 0.780757 0.046735 
vt 0.70205 0.010123 
vt 0.70205 0.080799 
vt 0.70205 0.061855 
vt 0.646988 0.061855 
vt 0.646988 0.043787 
vt 0.646988 0.080799 
vt 0.646988 0.028088 
vt 0.646988 0.010123 
vt 0.70205 0.043787 
vt 0.70205 0.028088 
vt 0.780757 0.046735 
vt 0.70205 0.010123 
vt 0.70205 0.080799 
vt 0.70205 0.061855 
vt 0.646988 0.061855 
vt 0.646988 0.043787 
vt 0.646988 0.080799 
vt 0.646988 0.028088 
vt 0.646988 0.010123 
vt 0.70205 0.043787 
vt 0.70205 0.061855 
vt 0.780757 0.046735 
vt 0.70205 0.080799 
vt 0.70205 0.010123 
vt 0.70205 0.028088 
vt 0.646988 0.028088 
vt 0.646988 0.043787 
vt 0.646988 0.010123 
vt 0.646988 0.061855 
vt 0.646988 0.080799 
vt 0.70205 0.043787 
vt 0.70205 0.061855 
vt 0.780757 0.046735 
vt 0.70205 0.080799 
vt 0.70205 0.010123 
vt 0.70205 0.028088 
vt 0.646988 0.028088 
vt 0.646988 0.043787 
vt 0.646988 0.010123 
vt 0.646988 0.061855 
vt 0.646988 0.080799 
vt 0.70205 0.043787 
vt 0.70205 0.061855 
vt 0.780757 0.046735 
vt 0.70205 0.080799 
vt 0.70205 0.010123 
vt 0.70205 0.028088 
vt 0.646988 0.028088 
vt 0.646988 0.043787 
vt 0.646988 0.010123 
vt 0.646988 0.061855 
vt 0.646988 0.080799 
vt 0.70205 0.043787 
vt 0.70205 0.028088 
vt 0.780757 0.046735 
vt 0.70205 0.010123 
vt 0.70205 0.080799 
vt 0.70205 0.061855 
vt 0.646988 0.061855 
vt 0.646988 0.043787 
vt 0.646988 0.080799 
vt 0.646988 0.028088 
vt 0.646988 0.010123 
vt 0.70205 0.043787 
vt 0.70205 0.061855 
vt 0.780757 0.046735 
vt 0.70205 0.080799 
vt 0.70205 0.010123 
vt 0.70205 0.028088 
vt 0.646988 0.028088 
vt 0.646988 0.043787 
vt 0.646988 0.010123 
vt 0.646988 0.061855 
vt 0.646988 0.080799 
vt 0.70205 0.043787 
vt 0.70205 0.061855 
vt 0.780757 0.046735 
vt 0.70205 0.080799 
vt 0.70205 0.010123 
vt 0.70205 0.028088 
vt 0.646988 0.028088 
vt 0.646988 0.043787 
vt 0.646988 0.010123 
vt 0.646988 0.061855 
vt 0.646988 0.080799 
vt 0.70205 0.043787 
vt 0.70205 0.061855 
vt 0.780757 0.046735 
vt 0.70205 0.080799 
vt 0.70205 0.010123 
vt 0.70205 0.028088 
vt 0.646988 0.028088 
vt 0.646988 0.043787 
vt 0.646988 0.010123 
vt 0.646988 0.061855 
vt 0.646988 0.080799 
vt 0.70205 0.043787 
vt 0.70205 0.061855 
vt 0.780757 0.046735 
vt 0.70205 0.080799 
vt 0.70205 0.010123 
vt 0.70205 0.028088 
vt 0.646988 0.028088 
vt 0.646988 0.043787 
vt 0.646988 0.010123 
vt 0.646988 0.061855 
vt 0.646988 0.080799 
vt 0.70205 0.043787 
vt 0.70205 0.028088 
vt 0.780757 0.046735 
vt 0.70205 0.010123 
vt 0.70205 0.080799 
vt 0.70205 0.061855 
vt 0.646988 0.061855 
vt 0.646988 0.043787 
vt 0.646988 0.080799 
vt 0.646988 0.028088 
vt 0.646988 0.010123 
vt 0.70205 0.043787 
vt 0.70205 0.028088 
vt 0.780757 0.046735 
vt 0.70205 0.010123 
vt 0.70205 0.080799 
vt 0.70205 0.061855 
vt 0.646988 0.061855 
vt 0.646988 0.043787 
vt 0.646988 0.080799 
vt 0.646988 0.028088 
vt 0.646988 0.010123 
vt 0.70205 0.043787 
vt 0.70205 0.061855 
vt 0.780757 0.046735 
vt 0.70205 0.080799 
vt 0.70205 0.010123 
vt 0.70205 0.028088 
vt 0.646988 0.028088 
vt 0.646988 0.043787 
vt 0.646988 0.010123 
vt 0.646988 0.061855 
vt 0.646988 0.080799 
vt 0.70205 0.043787 
vt 0.70205 0.028088 
vt 0.780757 0.046735 
vt 0.70205 0.010123 
vt 0.70205 0.080799 
vt 0.70205 0.061855 
vt 0.646988 0.061855 
vt 0.646988 0.043787 
vt 0.646988 0.080799 
vt 0.646988 0.028088 
vt 0.646988 0.010123 
vt 0.70205 0.043787 
vt 0.70205 0.061855 
vt 0.780757 0.046735 
vt 0.70205 0.080799 
vt 0.70205 0.010123 
vt 0.70205 0.028088 
vt 0.646988 0.028088 
vt 0.646988 0.043787 
vt 0.646988 0.010123 
vt 0.646988 0.061855 
vt 0.646988 0.080799 
vt 0.70205 0.043787 
vt 0.70205 0.028088 
vt 0.780757 0.046735 
vt 0.70205 0.010123 
vt 0.70205 0.080799 
vt 0.70205 0.061855 
vt 0.646988 0.061855 
vt 0.646988 0.043787 
vt 0.646988 0.080799 
vt 0.646988 0.028088 
vt 0.646988 0.010123 
vt 0.70205 0.043787 
vt 0.70205 0.061855 
vt 0.780757 0.046735 
vt 0.70205 0.080799 
vt 0.70205 0.010123 
vt 0.70205 0.028088 
vt 0.646988 0.028088 
vt 0.646988 0.043787 
vt 0.646988 0.010123 
vt 0.646988 0.061855 
vt 0.646988 0.080799 
vt 0.70205 0.043787 
vt 0.70205 0.028088 
vt 0.780757 0.046735 
vt 0.70205 0.010123 
vt 0.70205 0.080799 
vt 0.70205 0.061855 
vt 0.646988 0.061855 
vt 0.646988 0.043787 
vt 0.646988 0.080799 
vt 0.646988 0.028088 
vt 0.646988 0.010123 
vt 0.70205 0.043787 
vt 0.70205 0.061855 
vt 0.780757 0.046735 
vt 0.70205 0.080799 
vt 0.70205 0.010123 
vt 0.70205 0.028088 
vt 0.646988 0.028088 
vt 0.646988 0.043787 
vt 0.646988 0.010123 
vt 0.646988 0.061855 
vt 0.646988 0.080799 
vt 0.70205 0.043787 
vt 0.70205 0.028088 
vt 0.780757 0.046735 
vt 0.70205 0.010123 
vt 0.70205 0.080799 
vt 0.70205 0.061855 
vt 0.646988 0.061855 
vt 0.646988 0.043787 
vt 0.646988 0.080799 
vt 0.646988 0.028088 
vt 0.646988 0.010123 
vt 0.70205 0.043787 
vt 0.70205 0.028088 
vt 0.780757 0.046735 
vt 0.70205 0.010123 
vt 0.70205 0.080799 
vt 0.70205 0.061855 
vt 0.646988 0.061855 
vt 0.646988 0.043787 
vt 0.646988 0.080799 
vt 0.646988 0.028088 
vt 0.646988 0.010123 
vt 0.70205 0.043787 
vt 0.70205 0.028088 
vt 0.780757 0.046735 
vt 0.70205 0.010123 
vt 0.70205 0.080799 
vt 0.70205 0.061855 
vt 0.646988 0.061855 
vt 0.646988 0.043787 
vt 0.646988 0.080799 
vt 0.646988 0.028088 
vt 0.646988 0.010123 
vt 0.70205 0.043787 
vt 0.70205 0.028088 
vt 0.780757 0.046735 
vt 0.70205 0.010123 
vt 0.70205 0.080799 
vt 0.70205 0.061855 
vt 0.646988 0.061855 
vt 0.646988 0.043787 
vt 0.646988 0.080799 
vt 0.646988 0.028088 
vt 0.646988 0.010123 
vt 0.70205 0.043787 
vt 0.70205 0.028088 
vt 0.780757 0.046735 
vt 0.70205 0.010123 
vt 0.70205 0.080799 
vt 0.70205 0.061855 
vt 0.646988 0.061855 
vt 0.646988 0.043787 
vt 0.646988 0.080799 
vt 0.646988 0.028088 
vt 0.646988 0.010123 
vt 0.70205 0.043787 
vt 0.70205 0.061855 
vt 0.780757 0.046735 
vt 0.70205 0.080799 
vt 0.70205 0.010123 
vt 0.70205 0.028088 
vt 0.646988 0.028088 
vt 0.646988 0.043787 
vt 0.646988 0.010123 
vt 0.646988 0.061855 
vt 0.646988 0.080799 
vt 0.70205 0.043787 
vt 0.70205 0.028088 
vt 0.780757 0.046735 
vt 0.70205 0.010123 
vt 0.70205 0.080799 
vt 0.70205 0.061855 
vt 0.646988 0.061855 
vt 0.646988 0.043787 
vt 0.646988 0.080799 
vt 0.646988 0.028088 
vt 0.646988 0.010123 
vt 0.70205 0.043787 
vt 0.70205 0.061855 
vt 0.780757 0.046735 
vt 0.70205 0.080799 
vt 0.70205 0.010123 
vt 0.70205 0.028088 
vt 0.646988 0.028088 
vt 0.646988 0.043787 
vt 0.646988 0.010123 
vt 0.646988 0.061855 
vt 0.646988 0.080799 
vt 0.70205 0.043787 
vt 0.70205 0.028088 
vt 0.780757 0.046735 
vt 0.70205 0.010123 
vt 0.70205 0.080799 
vt 0.70205 0.061855 
vt 0.646988 0.061855 
vt 0.646988 0.043787 
vt 0.646988 0.080799 
vt 0.646988 0.028088 
vt 0.646988 0.010123 
vt 0.70205 0.043787 
vt 0.70205 0.028088 
vt 0.780757 0.046735 
vt 0.70205 0.010123 
vt 0.70205 0.080799 
vt 0.70205 0.061855 
vt 0.646988 0.061855 
vt 0.646988 0.043787 
vt 0.646988 0.080799 
vt 0.646988 0.028088 
vt 0.646988 0.010123 
vt 0.70205 0.043787 
vt 0.70205 0.061855 
vt 0.780757 0.046735 
vt 0.70205 0.080799 
vt 0.70205 0.010123 
vt 0.70205 0.028088 
vt 0.646988 0.028088 
vt 0.646988 0.043787 
vt 0.646988 0.010123 
vt 0.646988 0.061855 
vt 0.646988 0.080799 
vt 0.074547 0.776037 
vt 0.034186 0.707333 
vt 0.074471 0.669928 
vt 0.030002 0.698366 
vt 0.084546 0.659645 
vt 0.135874 0.617579 
vt 0.145825 0.617501 
vt 0.226 0.460798 
vt 0.222214 0.380576 
vt 0.218285 0.529808 
vt 0.238528 0.458043 
vt 0.221406 0.312954 
vt 0.228807 0.384513 
vt 0.198826 0.513073 
vt 0.003593 0.650272 
vt 0.043863 0.620344 
vt 0.043863 0.620344 
vt 0.102477 0.570522 
vt 0.102477 0.570522 
vt 0.183583 0.409521 
vt 0.122114 0.505113 
vt 0.08438 0.527033 
vt 0.122114 0.505113 
vt 0.177647 0.326947 
vt 0.183583 0.409521 
vt 0.08438 0.527033 
vt 0.828422 0.072134 
vt 0.816086 0.147699 
vt 0.782911 0.137232 
vt 0.806221 0.055952 
vt 0.907852 0.059683 
vt 0.92493 0.036468 
vt 0.990713 0.094233 
vt 0.963725 0.115894 
vt 0.851885 0.083325 
vt 0.868657 0.147699 
vt 0.890183 0.076285 
vt 0.928496 0.132128 
vt 0.907852 0.059683 
vt 0.963725 0.115894 
vt 0.928496 0.132128 
vt 0.890183 0.076285 
vt 0.911437 0.129808 
vt 0.881086 0.079106 
vt 0.851885 0.083325 
vt 0.868657 0.147699 
vt 0.92493 0.036468 
vt 0.990713 0.094233 
vt 0.806221 0.055952 
vt 0.828422 0.072134 
vt 0.816086 0.147699 
vt 0.782911 0.137232 
vt 0.881086 0.079106 
vt 0.911437 0.129808 
vt 0.862493 0.024946 
vt 0.847356 0.024112 
vt 0.843195 0.018241 
vt 0.863252 0.018062 
vt 0.847356 0.024112 
vt 0.843195 0.018241 
vt 0.863252 0.018062 
vt 0.862493 0.024946 
vt 0.855319 0.030059 
vt 0.861842 0.030981 
vt 0.859863 0.034884 
vt 0.861842 0.030981 
vt 0.855319 0.030059 
vt 0.859863 0.034884 
vt 0.906555 0.964828 
vt 0.937077 0.934307 
vt 0.946993 0.944224 
vt 0.914902 0.976315 
vt 0.967598 0.903786 
vt 0.979085 0.912132 
vt 0.991819 0.951323 
vt 0.987431 0.964828 
vt 0.902168 0.951323 
vt 0.92813 0.925361 
vt 0.954093 0.899398 
vt 0.902168 0.937124 
vt 0.921031 0.918261 
vt 0.939894 0.899398 
vt 0.906555 0.92362 
vt 0.914902 0.912132 
vt 0.926389 0.903786 
vt 0.926389 0.984662 
vt 0.95691 0.954141 
vt 0.987431 0.92362 
vt 0.939894 0.989049 
vt 0.965856 0.963087 
vt 0.991819 0.937124 

usemtl Lolwhy1Mtl

f 1/1/1 2/2/2 3/3/3 
f 3/3/3 4/4/4 1/1/1 
f 2/2/2 5/5/5 6/6/6 
f 6/6/6 3/3/3 2/2/2 
f 5/5/5 7/7/7 8/8/8 
f 8/8/8 6/6/6 5/5/5 
f 7/7/7 9/9/9 10/10/10 
f 10/10/10 8/8/8 7/7/7 
f 4/4/4 3/3/3 11/11/11 
f 11/11/11 12/12/12 4/4/4 
f 3/3/3 6/6/6 13/13/13 
f 13/13/13 14/14/14 3/3/3 
f 6/6/6 8/8/8 15/15/15 
f 15/15/15 16/16/16 6/6/6 
f 8/8/8 10/10/10 17/17/17 
f 17/17/17 18/18/18 8/8/8 
f 19/19/19 20/20/20 21/21/21 
f 21/21/21 22/22/22 19/19/19 
f 20/20/20 23/23/23 24/24/24 
f 24/24/24 21/21/21 20/20/20 
f 25/25/25 26/26/26 27/27/27 
f 27/27/27 28/28/28 25/25/25 
f 24/24/24 23/23/23 25/25/25 
f 25/25/25 28/28/28 24/24/24 
f 27/27/27 26/26/26 29/29/29 
f 29/29/29 30/30/30 27/27/27 
f 31/31/31 32/32/32 33/33/33 
f 33/33/33 34/34/34 31/31/31 
f 30/30/30 29/29/29 31/31/31 
f 31/31/31 34/34/34 30/30/30 
f 33/33/33 32/32/32 35/35/35 
f 35/35/35 36/36/36 33/33/33 
f 37/37/37 38/38/38 39/39/39 
f 39/39/39 40/40/40 37/37/37 
f 36/36/36 35/35/35 41/41/41 
f 41/41/41 42/42/42 36/36/36 
f 43/43/43 22/22/22 21/21/21 
f 21/21/21 44/44/44 43/43/43 
f 21/21/21 24/24/24 45/45/45 
f 45/45/45 44/44/44 21/21/21 
f 46/46/46 28/28/28 27/27/27 
f 27/27/27 47/47/47 46/46/46 
f 45/45/45 24/24/24 28/28/28 
f 28/28/28 46/46/46 45/45/45 
f 27/27/27 30/30/30 48/48/48 
f 48/48/48 47/47/47 27/27/27 
f 49/49/49 34/34/34 33/33/33 
f 33/33/33 50/50/50 49/49/49 
f 48/48/48 30/30/30 34/34/34 
f 34/34/34 49/49/49 48/48/48 
f 50/50/50 33/33/33 36/36/36 
f 36/36/36 51/51/51 50/50/50 
f 52/52/52 37/37/37 40/40/40 
f 40/40/40 53/53/53 52/52/52 
f 51/51/51 36/36/36 42/42/42 
f 42/42/42 54/54/54 51/51/51 
f 1/1/1 55/55/55 2/2/2 
f 5/5/5 2/2/2 55/55/55 
f 55/55/55 56/56/56 5/5/5 
f 7/7/7 5/5/5 56/56/56 
f 56/56/56 57/57/57 7/7/7 
f 9/9/9 7/7/7 57/57/57 
f 57/57/57 58/58/58 9/9/9 
f 1/1/1 59/59/59 55/55/55 
f 56/56/56 55/55/55 59/59/59 
f 59/59/59 60/60/60 56/56/56 
f 57/57/57 56/56/56 60/60/60 
f 60/60/60 61/61/61 57/57/57 
f 58/58/58 57/57/57 61/61/61 
f 61/61/61 62/62/62 58/58/58 
f 63/63/63 64/64/64 40/40/40 
f 40/40/40 39/39/39 63/63/63 
f 53/53/53 40/40/40 64/64/64 
f 64/64/64 65/65/65 53/53/53 
f 66/66/66 67/67/67 1/1/1 
f 1/1/1 4/4/4 66/66/66 
f 68/68/68 69/69/69 67/67/67 
f 67/67/67 66/66/66 68/68/68 
f 70/70/70 71/71/71 69/69/69 
f 69/69/69 68/68/68 70/70/70 
f 72/72/72 73/73/73 71/71/71 
f 71/71/71 70/70/70 72/72/72 
f 74/74/74 66/66/66 4/4/4 
f 4/4/4 12/12/12 74/74/74 
f 75/75/75 68/68/68 66/66/66 
f 66/66/66 76/76/76 75/75/75 
f 77/77/77 70/70/70 68/68/68 
f 68/68/68 78/78/78 77/77/77 
f 79/79/79 72/72/72 70/70/70 
f 70/70/70 80/80/80 79/79/79 
f 81/81/81 82/82/82 83/83/83 
f 83/83/83 84/84/84 81/81/81 
f 85/85/85 22/22/22 43/43/43 
f 43/43/43 86/86/86 85/85/85 
f 87/87/87 88/88/88 82/82/82 
f 82/82/82 81/81/81 87/87/87 
f 89/89/89 90/90/90 91/91/91 
f 91/91/91 92/92/92 89/89/89 
f 87/87/87 92/92/92 91/91/91 
f 91/91/91 88/88/88 87/87/87 
f 89/89/89 93/93/93 94/94/94 
f 94/94/94 90/90/90 89/89/89 
f 95/95/95 96/96/96 97/97/97 
f 97/97/97 98/98/98 95/95/95 
f 93/93/93 98/98/98 97/97/97 
f 97/97/97 94/94/94 93/93/93 
f 95/95/95 99/99/99 100/100/100 
f 100/100/100 96/96/96 95/95/95 
f 101/101/101 102/102/102 103/103/103 
f 103/103/103 104/104/104 101/101/101 
f 99/99/99 101/101/101 104/104/104 
f 104/104/104 100/100/100 99/99/99 
f 105/105/105 106/106/106 81/81/81 
f 81/81/81 84/84/84 105/105/105 
f 107/107/107 87/87/87 81/81/81 
f 81/81/81 106/106/106 107/107/107 
f 108/108/108 109/109/109 89/89/89 
f 89/89/89 92/92/92 108/108/108 
f 107/107/107 108/108/108 92/92/92 
f 92/92/92 87/87/87 107/107/107 
f 110/110/110 93/93/93 89/89/89 
f 89/89/89 109/109/109 110/110/110 
f 111/111/111 112/112/112 95/95/95 
f 95/95/95 98/98/98 111/111/111 
f 110/110/110 111/111/111 98/98/98 
f 98/98/98 93/93/93 110/110/110 
f 112/112/112 113/113/113 99/99/99 
f 99/99/99 95/95/95 112/112/112 
f 114/114/114 115/115/115 102/102/102 
f 102/102/102 101/101/101 114/114/114 
f 113/113/113 114/114/114 101/101/101 
f 101/101/101 99/99/99 113/113/113 
f 1/1/1 67/67/67 116/116/116 
f 116/116/116 67/67/67 69/69/69 
f 69/69/69 117/117/117 116/116/116 
f 117/117/117 69/69/69 71/71/71 
f 71/71/71 118/118/118 117/117/117 
f 118/118/118 71/71/71 73/73/73 
f 73/73/73 119/119/119 118/118/118 
f 1/1/1 116/116/116 120/120/120 
f 120/120/120 116/116/116 117/117/117 
f 117/117/117 121/121/121 120/120/120 
f 121/121/121 117/117/117 118/118/118 
f 118/118/118 122/122/122 121/121/121 
f 122/122/122 118/118/118 119/119/119 
f 119/119/119 123/123/123 122/122/122 
f 102/102/102 124/124/124 125/125/125 
f 125/125/125 103/103/103 102/102/102 
f 124/124/124 102/102/102 115/115/115 
f 115/115/115 126/126/126 124/124/124 
f 85/85/85 127/127/127 19/19/19 
f 19/19/19 22/22/22 85/85/85 
f 83/83/83 127/127/127 85/85/85 
f 85/85/85 84/84/84 83/83/83 
f 85/85/85 86/86/86 105/105/105 
f 105/105/105 84/84/84 85/85/85 
f 128/128/128 129/129/129 122/122/122 
f 122/122/122 123/123/123 128/128/128 
f 129/129/129 130/130/130 121/121/121 
f 121/121/121 122/122/122 129/129/129 
f 130/130/130 131/131/131 120/120/120 
f 120/120/120 121/121/121 130/130/130 
f 1/1/1 120/120/120 131/131/131 
f 131/131/131 132/132/132 1/1/1 
f 1/1/1 132/132/132 133/133/133 
f 133/133/133 59/59/59 1/1/1 
f 59/59/59 133/133/133 134/134/134 
f 134/134/134 60/60/60 59/59/59 
f 60/60/60 134/134/134 135/135/135 
f 135/135/135 61/61/61 60/60/60 
f 61/61/61 135/135/135 136/136/136 
f 136/136/136 62/62/62 61/61/61 
f 135/135/135 137/137/137 138/138/138 
f 138/138/138 136/136/136 135/135/135 
f 134/134/134 139/139/139 140/140/140 
f 140/140/140 135/135/135 134/134/134 
f 133/133/133 141/141/141 142/142/142 
f 142/142/142 134/134/134 133/133/133 
f 132/132/132 143/143/143 144/144/144 
f 144/144/144 133/133/133 132/132/132 
f 132/132/132 131/131/131 145/145/145 
f 145/145/145 143/143/143 132/132/132 
f 146/146/146 147/147/147 131/131/131 
f 131/131/131 130/130/130 146/146/146 
f 148/148/148 149/149/149 130/130/130 
f 130/130/130 129/129/129 148/148/148 
f 150/150/150 151/151/151 129/129/129 
f 129/129/129 128/128/128 150/150/150 
f 152/152/152 153/153/153 154/154/154 
f 154/154/154 155/155/155 152/152/152 
f 156/156/156 157/157/157 158/158/158 
f 158/158/158 159/159/159 156/156/156 
f 160/160/160 161/161/161 162/162/162 
f 162/162/162 163/163/163 160/160/160 
f 164/164/164 165/165/165 166/166/166 
f 166/166/166 167/167/167 164/164/164 
f 168/168/168 169/169/169 158/158/158 
f 158/158/158 157/157/157 168/168/168 
f 170/170/170 171/171/171 164/164/164 
f 164/164/164 167/167/167 170/170/170 
f 172/172/172 173/173/173 169/169/169 
f 169/169/169 168/168/168 172/172/172 
f 174/174/174 175/175/175 171/171/171 
f 171/171/171 170/170/170 174/174/174 
f 176/176/176 177/177/177 173/173/173 
f 173/173/173 172/172/172 176/176/176 
f 153/153/153 152/152/152 175/175/175 
f 175/175/175 174/174/174 153/153/153 
f 178/178/178 179/179/179 180/180/180 
f 180/180/180 181/181/181 178/178/178 
f 182/182/182 183/183/183 180/180/180 
f 180/180/180 179/179/179 182/182/182 
f 184/184/184 185/185/185 156/156/156 
f 156/156/156 159/159/159 184/184/184 
f 177/177/177 176/176/176 186/186/186 
f 186/186/186 187/187/187 177/177/177 
f 188/188/188 189/189/189 190/190/190 
f 190/190/190 191/191/191 188/188/188 
f 189/189/189 178/178/178 181/181/181 
f 181/181/181 190/190/190 189/189/189 
f 191/191/191 190/190/190 175/175/175 
f 175/175/175 152/152/152 191/191/191 
f 171/171/171 175/175/175 190/190/190 
f 190/190/190 181/181/181 171/171/171 
f 171/171/171 181/181/181 180/180/180 
f 180/180/180 164/164/164 171/171/171 
f 183/183/183 165/165/165 164/164/164 
f 164/164/164 180/180/180 183/183/183 
f 162/162/162 161/161/161 185/185/185 
f 185/185/185 184/184/184 162/162/162 
f 192/192/192 191/191/191 152/152/152 
f 152/152/152 155/155/155 192/192/192 
f 154/154/154 193/193/193 194/194/194 
f 194/194/194 155/155/155 154/154/154 
f 158/158/158 195/195/195 196/196/196 
f 196/196/196 159/159/159 158/158/158 
f 162/162/162 197/197/197 198/198/198 
f 198/198/198 163/163/163 162/162/162 
f 199/199/199 200/200/200 201/201/201 
f 201/201/201 202/202/202 199/199/199 
f 203/203/203 195/195/195 158/158/158 
f 158/158/158 169/169/169 203/203/203 
f 204/204/204 200/200/200 199/199/199 
f 199/199/199 205/205/205 204/204/204 
f 206/206/206 203/203/203 169/169/169 
f 169/169/169 173/173/173 206/206/206 
f 205/205/205 207/207/207 208/208/208 
f 208/208/208 204/204/204 205/205/205 
f 209/209/209 206/206/206 173/173/173 
f 173/173/173 177/177/177 209/209/209 
f 193/193/193 208/208/208 207/207/207 
f 207/207/207 194/194/194 193/193/193 
f 210/210/210 211/211/211 212/212/212 
f 212/212/212 213/213/213 210/210/210 
f 210/210/210 214/214/214 215/215/215 
f 215/215/215 211/211/211 210/210/210 
f 184/184/184 159/159/159 196/196/196 
f 196/196/196 216/216/216 184/184/184 
f 177/177/177 187/187/187 217/217/217 
f 217/217/217 209/209/209 177/177/177 
f 218/218/218 206/206/206 209/209/209 
f 209/209/209 217/217/217 218/218/218 
f 219/219/219 203/203/203 206/206/206 
f 206/206/206 218/218/218 219/219/219 
f 207/207/207 220/220/220 221/221/221 
f 221/221/221 194/194/194 207/207/207 
f 213/213/213 220/220/220 207/207/207 
f 207/207/207 205/205/205 213/213/213 
f 205/205/205 199/199/199 210/210/210 
f 210/210/210 213/213/213 205/205/205 
f 199/199/199 202/202/202 214/214/214 
f 214/214/214 210/210/210 199/199/199 
f 184/184/184 216/216/216 197/197/197 
f 197/197/197 162/162/162 184/184/184 
f 192/192/192 155/155/155 194/194/194 
f 194/194/194 221/221/221 192/192/192 
f 222/222/222 223/223/223 224/224/224 
f 224/224/224 225/225/225 222/222/222 
f 224/224/224 223/223/223 226/226/226 
f 226/226/226 227/227/227 224/224/224 
f 228/228/228 229/229/229 224/224/224 
f 224/224/224 227/227/227 228/228/228 
f 229/229/229 230/230/230 225/225/225 
f 225/225/225 224/224/224 229/229/229 
f 231/231/231 229/229/229 228/228/228 
f 228/228/228 232/232/232 231/231/231 
f 231/231/231 233/233/233 230/230/230 
f 230/230/230 229/229/229 231/231/231 
f 160/160/160 163/163/163 231/231/231 
f 231/231/231 232/232/232 160/160/160 
f 198/198/198 233/233/233 231/231/231 
f 231/231/231 163/163/163 198/198/198 
f 234/234/234 235/235/235 236/236/236 
f 236/236/236 237/237/237 234/234/234 
f 238/238/238 239/239/239 235/235/235 
f 235/235/235 234/234/234 238/238/238 
f 240/240/240 241/241/241 239/239/239 
f 239/239/239 238/238/238 240/240/240 
f 242/242/242 243/243/243 241/241/241 
f 241/241/241 240/240/240 242/242/242 
f 244/244/244 234/234/234 237/237/237 
f 237/237/237 245/245/245 244/244/244 
f 246/246/246 238/238/238 234/234/234 
f 234/234/234 247/247/247 246/246/246 
f 248/248/248 240/240/240 238/238/238 
f 238/238/238 249/249/249 248/248/248 
f 250/250/250 242/242/242 240/240/240 
f 240/240/240 251/251/251 250/250/250 
f 252/252/252 253/253/253 254/254/254 
f 254/254/254 255/255/255 252/252/252 
f 252/252/252 256/256/256 257/257/257 
f 257/257/257 253/253/253 252/252/252 
f 258/258/258 259/259/259 260/260/260 
f 260/260/260 261/261/261 258/258/258 
f 256/256/256 261/261/261 260/260/260 
f 260/260/260 257/257/257 256/256/256 
f 258/258/258 262/262/262 263/263/263 
f 263/263/263 259/259/259 258/258/258 
f 264/264/264 265/265/265 266/266/266 
f 266/266/266 267/267/267 264/264/264 
f 262/262/262 267/267/267 266/266/266 
f 266/266/266 263/263/263 262/262/262 
f 264/264/264 268/268/268 269/269/269 
f 269/269/269 265/265/265 264/264/264 
f 270/270/270 271/271/271 272/272/272 
f 272/272/272 273/273/273 270/270/270 
f 268/268/268 273/273/273 272/272/272 
f 272/272/272 269/269/269 268/268/268 
f 274/274/274 252/252/252 255/255/255 
f 255/255/255 275/275/275 274/274/274 
f 276/276/276 256/256/256 252/252/252 
f 252/252/252 274/274/274 276/276/276 
f 277/277/277 258/258/258 261/261/261 
f 261/261/261 278/278/278 277/277/277 
f 276/276/276 278/278/278 261/261/261 
f 261/261/261 256/256/256 276/276/276 
f 279/279/279 262/262/262 258/258/258 
f 258/258/258 277/277/277 279/279/279 
f 280/280/280 281/281/281 264/264/264 
f 264/264/264 267/267/267 280/280/280 
f 279/279/279 280/280/280 267/267/267 
f 267/267/267 262/262/262 279/279/279 
f 281/281/281 282/282/282 268/268/268 
f 268/268/268 264/264/264 281/281/281 
f 283/283/283 284/284/284 270/270/270 
f 270/270/270 273/273/273 283/283/283 
f 282/282/282 283/283/283 273/273/273 
f 273/273/273 268/268/268 282/282/282 
f 236/236/236 235/235/235 285/285/285 
f 285/285/285 235/235/235 239/239/239 
f 239/239/239 286/286/286 285/285/285 
f 286/286/286 239/239/239 241/241/241 
f 241/241/241 287/287/287 286/286/286 
f 287/287/287 241/241/241 243/243/243 
f 243/243/243 288/288/288 287/287/287 
f 236/236/236 285/285/285 289/289/289 
f 289/289/289 285/285/285 286/286/286 
f 286/286/286 290/290/290 289/289/289 
f 290/290/290 286/286/286 287/287/287 
f 287/287/287 291/291/291 290/290/290 
f 291/291/291 287/287/287 288/288/288 
f 288/288/288 292/292/292 291/291/291 
f 270/270/270 293/293/293 294/294/294 
f 294/294/294 271/271/271 270/270/270 
f 293/293/293 270/270/270 284/284/284 
f 284/284/284 295/295/295 293/293/293 
f 236/236/236 296/296/296 297/297/297 
f 297/297/297 237/237/237 236/236/236 
f 296/296/296 298/298/298 299/299/299 
f 299/299/299 297/297/297 296/296/296 
f 298/298/298 300/300/300 301/301/301 
f 301/301/301 299/299/299 298/298/298 
f 300/300/300 302/302/302 303/303/303 
f 303/303/303 301/301/301 300/300/300 
f 237/237/237 297/297/297 304/304/304 
f 304/304/304 245/245/245 237/237/237 
f 297/297/297 299/299/299 305/305/305 
f 305/305/305 306/306/306 297/297/297 
f 299/299/299 301/301/301 307/307/307 
f 307/307/307 308/308/308 299/299/299 
f 301/301/301 303/303/303 309/309/309 
f 309/309/309 310/310/310 301/301/301 
f 311/311/311 312/312/312 313/313/313 
f 313/313/313 314/314/314 311/311/311 
f 275/275/275 255/255/255 315/315/315 
f 315/315/315 316/316/316 275/275/275 
f 313/313/313 312/312/312 317/317/317 
f 317/317/317 318/318/318 313/313/313 
f 319/319/319 320/320/320 321/321/321 
f 321/321/321 322/322/322 319/319/319 
f 318/318/318 317/317/317 319/319/319 
f 319/319/319 322/322/322 318/318/318 
f 321/321/321 320/320/320 323/323/323 
f 323/323/323 324/324/324 321/321/321 
f 325/325/325 326/326/326 327/327/327 
f 327/327/327 328/328/328 325/325/325 
f 324/324/324 323/323/323 325/325/325 
f 325/325/325 328/328/328 324/324/324 
f 327/327/327 326/326/326 329/329/329 
f 329/329/329 330/330/330 327/327/327 
f 331/331/331 332/332/332 333/333/333 
f 333/333/333 334/334/334 331/331/331 
f 330/330/330 329/329/329 331/331/331 
f 331/331/331 334/334/334 330/330/330 
f 314/314/314 313/313/313 335/335/335 
f 335/335/335 336/336/336 314/314/314 
f 313/313/313 318/318/318 337/337/337 
f 337/337/337 335/335/335 313/313/313 
f 322/322/322 321/321/321 338/338/338 
f 338/338/338 339/339/339 322/322/322 
f 337/337/337 318/318/318 322/322/322 
f 322/322/322 339/339/339 337/337/337 
f 321/321/321 324/324/324 340/340/340 
f 340/340/340 338/338/338 321/321/321 
f 341/341/341 328/328/328 327/327/327 
f 327/327/327 342/342/342 341/341/341 
f 340/340/340 324/324/324 328/328/328 
f 328/328/328 341/341/341 340/340/340 
f 342/342/342 327/327/327 330/330/330 
f 330/330/330 343/343/343 342/342/342 
f 344/344/344 334/334/334 333/333/333 
f 333/333/333 345/345/345 344/344/344 
f 343/343/343 330/330/330 334/334/334 
f 334/334/334 344/344/344 343/343/343 
f 236/236/236 346/346/346 296/296/296 
f 298/298/298 296/296/296 346/346/346 
f 346/346/346 347/347/347 298/298/298 
f 300/300/300 298/298/298 347/347/347 
f 347/347/347 348/348/348 300/300/300 
f 302/302/302 300/300/300 348/348/348 
f 348/348/348 349/349/349 302/302/302 
f 236/236/236 350/350/350 346/346/346 
f 347/347/347 346/346/346 350/350/350 
f 350/350/350 351/351/351 347/347/347 
f 348/348/348 347/347/347 351/351/351 
f 351/351/351 352/352/352 348/348/348 
f 349/349/349 348/348/348 352/352/352 
f 352/352/352 353/353/353 349/349/349 
f 302/302/302 349/349/349 354/354/354 
f 354/354/354 303/303/303 302/302/302 
f 355/355/355 354/354/354 349/349/349 
f 349/349/349 353/353/353 355/355/355 
f 254/254/254 356/356/356 315/315/315 
f 315/315/315 255/255/255 254/254/254 
f 315/315/315 356/356/356 311/311/311 
f 311/311/311 314/314/314 315/315/315 
f 336/336/336 316/316/316 315/315/315 
f 315/315/315 314/314/314 336/336/336 
f 352/352/352 357/357/357 355/355/355 
f 355/355/355 353/353/353 352/352/352 
f 351/351/351 358/358/358 357/357/357 
f 357/357/357 352/352/352 351/351/351 
f 350/350/350 359/359/359 358/358/358 
f 358/358/358 351/351/351 350/350/350 
f 359/359/359 350/350/350 236/236/236 
f 236/236/236 360/360/360 359/359/359 
f 236/236/236 289/289/289 361/361/361 
f 361/361/361 360/360/360 236/236/236 
f 289/289/289 290/290/290 362/362/362 
f 362/362/362 361/361/361 289/289/289 
f 290/290/290 291/291/291 363/363/363 
f 363/363/363 362/362/362 290/290/290 
f 291/291/291 292/292/292 364/364/364 
f 364/364/364 363/363/363 291/291/291 
f 363/363/363 364/364/364 365/365/365 
f 365/365/365 366/366/366 363/363/363 
f 362/362/362 363/363/363 367/367/367 
f 367/367/367 368/368/368 362/362/362 
f 361/361/361 362/362/362 369/369/369 
f 369/369/369 370/370/370 361/361/361 
f 360/360/360 361/361/361 371/371/371 
f 371/371/371 372/372/372 360/360/360 
f 373/373/373 359/359/359 360/360/360 
f 360/360/360 372/372/372 373/373/373 
f 359/359/359 374/374/374 375/375/375 
f 375/375/375 358/358/358 359/359/359 
f 358/358/358 376/376/376 377/377/377 
f 377/377/377 357/357/357 358/358/358 
f 357/357/357 378/378/378 379/379/379 
f 379/379/379 355/355/355 357/357/357 
f 380/380/380 381/381/381 382/382/382 
f 382/382/382 383/383/383 380/380/380 
f 381/381/381 384/384/384 385/385/385 
f 385/385/385 382/382/382 381/381/381 
f 384/384/384 386/386/386 387/387/387 
f 387/387/387 385/385/385 384/384/384 
f 386/386/386 388/388/388 389/389/389 
f 389/389/389 387/387/387 386/386/386 
f 388/388/388 390/390/390 391/391/391 
f 391/391/391 389/389/389 388/388/388 
f 390/390/390 392/392/392 393/393/393 
f 393/393/393 391/391/391 390/390/390 
f 392/392/392 394/394/394 395/395/395 
f 395/395/395 393/393/393 392/392/392 
f 394/394/394 396/396/396 397/397/397 
f 397/397/397 395/395/395 394/394/394 
f 396/396/396 398/398/398 399/399/399 
f 399/399/399 397/397/397 396/396/396 
f 398/398/398 400/400/400 401/401/401 
f 401/401/401 399/399/399 398/398/398 
f 400/400/400 402/402/402 403/403/403 
f 403/403/403 401/401/401 400/400/400 
f 402/402/402 404/404/404 405/405/405 
f 405/405/405 403/403/403 402/402/402 
f 405/405/405 404/404/404 406/406/406 
f 406/406/406 407/407/407 405/405/405 
f 408/408/408 409/409/409 410/410/410 
f 410/410/410 411/411/411 408/408/408 
f 409/409/409 412/412/412 413/413/413 
f 413/413/413 410/410/410 409/409/409 
f 412/412/412 414/414/414 415/415/415 
f 415/415/415 413/413/413 412/412/412 
f 414/414/414 416/416/416 417/417/417 
f 417/417/417 415/415/415 414/414/414 
f 416/416/416 380/380/380 383/383/383 
f 383/383/383 417/417/417 416/416/416 
f 418/418/418 383/383/383 382/382/382 
f 382/382/382 419/419/419 418/418/418 
f 419/419/419 382/382/382 385/385/385 
f 385/385/385 420/420/420 419/419/419 
f 420/420/420 385/385/385 387/387/387 
f 387/387/387 421/421/421 420/420/420 
f 421/421/421 387/387/387 389/389/389 
f 389/389/389 422/422/422 421/421/421 
f 423/423/423 424/424/424 389/389/389 
f 389/389/389 391/391/391 423/423/423 
f 425/425/425 423/423/423 391/391/391 
f 391/391/391 393/393/393 425/425/425 
f 425/425/425 393/393/393 395/395/395 
f 395/395/395 426/426/426 425/425/425 
f 426/426/426 395/395/395 397/397/397 
f 397/397/397 427/427/427 426/426/426 
f 427/427/427 397/397/397 399/399/399 
f 399/399/399 428/428/428 427/427/427 
f 428/428/428 399/399/399 401/401/401 
f 401/401/401 429/429/429 428/428/428 
f 429/429/429 401/401/401 403/403/403 
f 403/403/403 430/430/430 429/429/429 
f 430/430/430 403/403/403 405/405/405 
f 405/405/405 431/431/431 430/430/430 
f 432/432/432 410/410/410 413/413/413 
f 413/413/413 433/433/433 432/432/432 
f 433/433/433 413/413/413 415/415/415 
f 415/415/415 434/434/434 433/433/433 
f 434/434/434 415/415/415 417/417/417 
f 417/417/417 435/435/435 434/434/434 
f 435/435/435 417/417/417 383/383/383 
f 383/383/383 418/418/418 435/435/435 
f 436/436/436 418/418/418 419/419/419 
f 419/419/419 437/437/437 436/436/436 
f 437/437/437 419/419/419 420/420/420 
f 420/420/420 438/438/438 437/437/437 
f 439/439/439 438/438/438 420/420/420 
f 420/420/420 421/421/421 439/439/439 
f 440/440/440 439/439/439 421/421/421 
f 421/421/421 422/422/422 440/440/440 
f 440/440/440 424/424/424 423/423/423 
f 423/423/423 441/441/441 440/440/440 
f 441/441/441 423/423/423 425/425/425 
f 425/425/425 442/442/442 441/441/441 
f 442/442/442 425/425/425 426/426/426 
f 426/426/426 443/443/443 442/442/442 
f 443/443/443 426/426/426 427/427/427 
f 427/427/427 444/444/444 443/443/443 
f 444/444/444 427/427/427 428/428/428 
f 428/428/428 445/445/445 444/444/444 
f 445/445/445 428/428/428 429/429/429 
f 429/429/429 446/446/446 445/445/445 
f 446/446/446 429/429/429 430/430/430 
f 430/430/430 447/447/447 446/446/446 
f 448/448/448 447/447/447 430/430/430 
f 430/430/430 431/431/431 448/448/448 
f 449/449/449 450/450/450 451/451/451 
f 451/451/451 452/452/452 449/449/449 
f 453/453/453 452/452/452 451/451/451 
f 451/451/451 454/454/454 453/453/453 
f 454/454/454 455/455/455 453/453/453 
f 456/456/456 433/433/433 434/434/434 
f 434/434/434 457/457/457 456/456/456 
f 457/457/457 434/434/434 435/435/435 
f 435/435/435 458/458/458 457/457/457 
f 458/458/458 435/435/435 418/418/418 
f 418/418/418 436/436/436 458/458/458 
f 459/459/459 436/436/436 437/437/437 
f 437/437/437 460/460/460 459/459/459 
f 460/460/460 437/437/437 438/438/438 
f 438/438/438 461/461/461 460/460/460 
f 461/461/461 438/438/438 439/439/439 
f 439/439/439 462/462/462 461/461/461 
f 462/462/462 439/439/439 440/440/440 
f 440/440/440 463/463/463 462/462/462 
f 463/463/463 440/440/440 441/441/441 
f 441/441/441 464/464/464 463/463/463 
f 464/464/464 441/441/441 442/442/442 
f 442/442/442 465/465/465 464/464/464 
f 465/465/465 442/442/442 443/443/443 
f 443/443/443 466/466/466 465/465/465 
f 466/466/466 443/443/443 444/444/444 
f 444/444/444 467/467/467 466/466/466 
f 467/467/467 444/444/444 445/445/445 
f 445/445/445 468/468/468 467/467/467 
f 468/468/468 445/445/445 446/446/446 
f 446/446/446 469/469/469 468/468/468 
f 469/469/469 446/446/446 447/447/447 
f 447/447/447 470/470/470 469/469/469 
f 447/447/447 448/448/448 470/470/470 
f 470/470/470 448/448/448 471/471/471 
f 448/448/448 472/472/472 471/471/471 
f 471/471/471 472/472/472 449/449/449 
f 449/449/449 473/473/473 471/471/471 
f 473/473/473 449/449/449 452/452/452 
f 452/452/452 474/474/474 473/473/473 
f 474/474/474 452/452/452 453/453/453 
f 453/453/453 475/475/475 474/474/474 
f 475/475/475 453/453/453 455/455/455 
f 455/455/455 476/476/476 475/475/475 
f 455/455/455 477/477/477 476/476/476 
f 456/456/456 478/478/478 477/477/477 
f 477/477/477 478/478/478 476/476/476 
f 478/478/478 456/456/456 457/457/457 
f 457/457/457 479/479/479 478/478/478 
f 479/479/479 457/457/457 458/458/458 
f 458/458/458 480/480/480 479/479/479 
f 480/480/480 458/458/458 436/436/436 
f 436/436/436 459/459/459 480/480/480 
f 481/481/481 459/459/459 460/460/460 
f 460/460/460 482/482/482 481/481/481 
f 482/482/482 460/460/460 461/461/461 
f 461/461/461 483/483/483 482/482/482 
f 483/483/483 461/461/461 462/462/462 
f 462/462/462 484/484/484 483/483/483 
f 484/484/484 462/462/462 463/463/463 
f 463/463/463 485/485/485 484/484/484 
f 485/485/485 463/463/463 464/464/464 
f 464/464/464 486/486/486 485/485/485 
f 486/486/486 464/464/464 465/465/465 
f 465/465/465 487/487/487 486/486/486 
f 487/487/487 465/465/465 466/466/466 
f 466/466/466 488/488/488 487/487/487 
f 488/488/488 466/466/466 467/467/467 
f 467/467/467 489/489/489 488/488/488 
f 489/489/489 467/467/467 468/468/468 
f 468/468/468 490/490/490 489/489/489 
f 490/490/490 468/468/468 469/469/469 
f 469/469/469 491/491/491 490/490/490 
f 491/491/491 469/469/469 470/470/470 
f 470/470/470 492/492/492 491/491/491 
f 492/492/492 470/470/470 471/471/471 
f 471/471/471 493/493/493 492/492/492 
f 493/493/493 471/471/471 473/473/473 
f 473/473/473 494/494/494 493/493/493 
f 494/494/494 473/473/473 474/474/474 
f 474/474/474 495/495/495 494/494/494 
f 495/495/495 474/474/474 475/475/475 
f 475/475/475 496/496/496 495/495/495 
f 496/496/496 475/475/475 476/476/476 
f 476/476/476 497/497/497 496/496/496 
f 497/497/497 476/476/476 478/478/478 
f 478/478/478 498/498/498 497/497/497 
f 498/498/498 478/478/478 479/479/479 
f 479/479/479 499/499/499 498/498/498 
f 499/499/499 479/479/479 480/480/480 
f 480/480/480 500/500/500 499/499/499 
f 500/500/500 480/480/480 459/459/459 
f 459/459/459 481/481/481 500/500/500 
f 481/481/481 482/482/482 501/501/501 
f 501/501/501 502/502/502 481/481/481 
f 501/501/501 482/482/482 483/483/483 
f 483/483/483 503/503/503 501/501/501 
f 483/483/483 484/484/484 504/504/504 
f 504/504/504 503/503/503 483/483/483 
f 484/484/484 485/485/485 505/505/505 
f 505/505/505 504/504/504 484/484/484 
f 485/485/485 486/486/486 506/506/506 
f 506/506/506 505/505/505 485/485/485 
f 486/486/486 487/487/487 507/507/507 
f 507/507/507 506/506/506 486/486/486 
f 487/487/487 488/488/488 508/508/508 
f 508/508/508 507/507/507 487/487/487 
f 488/488/488 489/489/489 509/509/509 
f 509/509/509 508/508/508 488/488/488 
f 489/489/489 490/490/490 510/510/510 
f 510/510/510 509/509/509 489/489/489 
f 490/490/490 491/491/491 511/511/511 
f 511/511/511 510/510/510 490/490/490 
f 491/491/491 492/492/492 512/512/512 
f 512/512/512 511/511/511 491/491/491 
f 492/492/492 493/493/493 513/513/513 
f 513/513/513 512/512/512 492/492/492 
f 493/493/493 494/494/494 514/514/514 
f 514/514/514 513/513/513 493/493/493 
f 494/494/494 495/495/495 515/515/515 
f 515/515/515 514/514/514 494/494/494 
f 495/495/495 496/496/496 516/516/516 
f 516/516/516 515/515/515 495/495/495 
f 496/496/496 497/497/497 517/517/517 
f 517/517/517 516/516/516 496/496/496 
f 497/497/497 498/498/498 518/518/518 
f 518/518/518 517/517/517 497/497/497 
f 498/498/498 499/499/499 519/519/519 
f 519/519/519 518/518/518 498/498/498 
f 499/499/499 500/500/500 520/520/520 
f 520/520/520 519/519/519 499/499/499 
f 500/500/500 481/481/481 502/502/502 
f 502/502/502 520/520/520 500/500/500 
f 521/521/521 502/502/502 501/501/501 
f 501/501/501 522/522/522 521/521/521 
f 522/522/522 501/501/501 503/503/503 
f 503/503/503 523/523/523 522/522/522 
f 523/523/523 503/503/503 504/504/504 
f 504/504/504 524/524/524 523/523/523 
f 524/524/524 504/504/504 505/505/505 
f 505/505/505 525/525/525 524/524/524 
f 525/525/525 505/505/505 506/506/506 
f 506/506/506 526/526/526 525/525/525 
f 526/526/526 506/506/506 507/507/507 
f 507/507/507 527/527/527 526/526/526 
f 528/528/528 527/527/527 507/507/507 
f 507/507/507 508/508/508 528/528/528 
f 528/528/528 508/508/508 509/509/509 
f 509/509/509 529/529/529 528/528/528 
f 529/529/529 509/509/509 510/510/510 
f 510/510/510 530/530/530 529/529/529 
f 530/530/530 510/510/510 511/511/511 
f 511/511/511 531/531/531 530/530/530 
f 531/531/531 511/511/511 512/512/512 
f 512/512/512 532/532/532 531/531/531 
f 532/532/532 512/512/512 513/513/513 
f 513/513/513 533/533/533 532/532/532 
f 533/533/533 513/513/513 514/514/514 
f 514/514/514 534/534/534 533/533/533 
f 534/534/534 514/514/514 515/515/515 
f 515/515/515 535/535/535 534/534/534 
f 535/535/535 515/515/515 516/516/516 
f 516/516/516 536/536/536 535/535/535 
f 536/536/536 516/516/516 517/517/517 
f 517/517/517 537/537/537 536/536/536 
f 537/537/537 517/517/517 518/518/518 
f 518/518/518 538/538/538 537/537/537 
f 538/538/538 518/518/518 519/519/519 
f 519/519/519 539/539/539 538/538/538 
f 539/539/539 519/519/519 520/520/520 
f 520/520/520 540/540/540 539/539/539 
f 540/540/540 520/520/520 502/502/502 
f 502/502/502 521/521/521 540/540/540 
f 541/541/541 521/521/521 522/522/522 
f 522/522/522 542/542/542 541/541/541 
f 542/542/542 522/522/522 523/523/523 
f 523/523/523 543/543/543 542/542/542 
f 543/543/543 523/523/523 524/524/524 
f 524/524/524 544/544/544 543/543/543 
f 544/544/544 524/524/524 525/525/525 
f 525/525/525 545/545/545 544/544/544 
f 545/545/545 525/525/525 526/526/526 
f 526/526/526 546/546/546 545/545/545 
f 546/546/546 526/526/526 527/527/527 
f 527/527/527 547/547/547 546/546/546 
f 547/547/547 527/527/527 528/528/528 
f 528/528/528 548/548/548 547/547/547 
f 548/548/548 528/528/528 529/529/529 
f 529/529/529 549/549/549 548/548/548 
f 549/549/549 529/529/529 530/530/530 
f 530/530/530 550/550/550 549/549/549 
f 550/550/550 530/530/530 531/531/531 
f 531/531/531 551/551/551 550/550/550 
f 551/551/551 531/531/531 532/532/532 
f 532/532/532 552/552/552 551/551/551 
f 552/552/552 532/532/532 533/533/533 
f 533/533/533 553/553/553 552/552/552 
f 553/553/553 533/533/533 534/534/534 
f 534/534/534 554/554/554 553/553/553 
f 554/554/554 534/534/534 535/535/535 
f 535/535/535 555/555/555 554/554/554 
f 556/556/556 535/535/535 536/536/536 
f 536/536/536 557/557/557 556/556/556 
f 557/557/557 536/536/536 537/537/537 
f 537/537/537 558/558/558 557/557/557 
f 558/558/558 537/537/537 538/538/538 
f 538/538/538 559/559/559 558/558/558 
f 559/559/559 538/538/538 539/539/539 
f 539/539/539 560/560/560 559/559/559 
f 560/560/560 539/539/539 540/540/540 
f 540/540/540 561/561/561 560/560/560 
f 561/561/561 540/540/540 521/521/521 
f 521/521/521 541/541/541 561/561/561 
f 562/562/562 563/563/563 564/564/564 
f 564/564/564 565/565/565 562/562/562 
f 566/566/566 567/567/567 568/568/568 
f 567/567/567 569/569/569 568/568/568 
f 569/569/569 570/570/570 568/568/568 
f 570/570/570 571/571/571 568/568/568 
f 571/571/571 572/572/572 568/568/568 
f 572/572/572 573/573/573 568/568/568 
f 573/573/573 574/574/574 568/568/568 
f 574/574/574 575/575/575 568/568/568 
f 575/575/575 576/576/576 568/568/568 
f 576/576/576 577/577/577 568/568/568 
f 577/577/577 578/578/578 568/568/568 
f 578/578/578 579/579/579 568/568/568 
f 579/579/579 580/580/580 568/568/568 
f 580/580/580 581/581/581 568/568/568 
f 582/582/582 583/583/583 541/541/541 
f 541/541/541 542/542/542 582/582/582 
f 584/584/584 582/582/582 542/542/542 
f 542/542/542 543/543/543 584/584/584 
f 585/585/585 584/584/584 543/543/543 
f 543/543/543 544/544/544 585/585/585 
f 586/586/586 585/585/585 544/544/544 
f 544/544/544 545/545/545 586/586/586 
f 587/587/587 586/586/586 545/545/545 
f 545/545/545 546/546/546 587/587/587 
f 588/588/588 587/587/587 546/546/546 
f 546/546/546 547/547/547 588/588/588 
f 589/589/589 588/588/588 547/547/547 
f 547/547/547 548/548/548 589/589/589 
f 590/590/590 589/589/589 548/548/548 
f 548/548/548 549/549/549 590/590/590 
f 591/591/591 590/590/590 549/549/549 
f 549/549/549 550/550/550 591/591/591 
f 592/592/592 591/591/591 550/550/550 
f 550/550/550 551/551/551 592/592/592 
f 593/593/593 592/592/592 551/551/551 
f 551/551/551 552/552/552 593/593/593 
f 594/594/594 593/593/593 552/552/552 
f 552/552/552 553/553/553 594/594/594 
f 594/594/594 553/553/553 554/554/554 
f 554/554/554 595/595/595 594/594/594 
f 595/595/595 554/554/554 555/555/555 
f 555/555/555 596/596/596 595/595/595 
f 596/596/596 556/556/556 557/557/557 
f 557/557/557 597/597/597 596/596/596 
f 597/597/597 557/557/557 558/558/558 
f 558/558/558 598/598/598 597/597/597 
f 599/599/599 598/598/598 558/558/558 
f 558/558/558 559/559/559 599/599/599 
f 600/600/600 599/599/599 559/559/559 
f 559/559/559 560/560/560 600/600/600 
f 601/601/601 600/600/600 560/560/560 
f 560/560/560 561/561/561 601/601/601 
f 583/583/583 601/601/601 561/561/561 
f 561/561/561 541/541/541 583/583/583 
f 602/602/602 603/603/603 604/604/604 
f 603/603/603 605/605/605 604/604/604 
f 606/606/606 607/607/607 604/604/604 
f 607/607/607 602/602/602 604/604/604 
f 608/608/608 602/602/602 607/607/607 
f 607/607/607 609/609/609 608/608/608 
f 609/609/609 607/607/607 606/606/606 
f 606/606/606 610/610/610 609/609/609 
f 611/611/611 605/605/605 603/603/603 
f 603/603/603 612/612/612 611/611/611 
f 612/612/612 603/603/603 602/602/602 
f 602/602/602 608/608/608 612/612/612 
f 613/613/613 614/614/614 615/615/615 
f 615/615/615 616/616/616 613/613/613 
f 617/617/617 618/618/618 619/619/619 
f 619/619/619 620/620/620 617/617/617 
f 620/620/620 619/619/619 621/621/621 
f 621/621/621 622/622/622 620/620/620 
f 622/622/622 621/621/621 623/623/623 
f 623/623/623 624/624/624 622/622/622 
f 624/624/624 623/623/623 625/625/625 
f 625/625/625 626/626/626 624/624/624 
f 627/627/627 628/628/628 629/629/629 
f 629/629/629 630/630/630 627/627/627 
f 630/630/630 629/629/629 631/631/631 
f 631/631/631 632/632/632 630/630/630 
f 632/632/632 631/631/631 614/614/614 
f 614/614/614 613/613/613 632/632/632 
f 613/613/613 616/616/616 633/633/633 
f 633/633/633 632/632/632 613/613/613 
f 630/630/630 632/632/632 633/633/633 
f 633/633/633 627/627/627 630/630/630 
f 634/634/634 617/617/617 620/620/620 
f 620/620/620 622/622/622 634/634/634 
f 624/624/624 626/626/626 634/634/634 
f 634/634/634 622/622/622 624/624/624 
f 635/635/635 636/636/636 637/637/637 
f 636/636/636 638/638/638 637/637/637 
f 639/639/639 640/640/640 637/637/637 
f 640/640/640 635/635/635 637/637/637 
f 641/641/641 635/635/635 640/640/640 
f 640/640/640 642/642/642 641/641/641 
f 642/642/642 640/640/640 639/639/639 
f 639/639/639 643/643/643 642/642/642 
f 644/644/644 638/638/638 636/636/636 
f 636/636/636 645/645/645 644/644/644 
f 645/645/645 636/636/636 635/635/635 
f 635/635/635 641/641/641 645/645/645 
f 646/646/646 647/647/647 648/648/648 
f 647/647/647 649/649/649 648/648/648 
f 650/650/650 651/651/651 648/648/648 
f 651/651/651 646/646/646 648/648/648 
f 652/652/652 646/646/646 651/651/651 
f 651/651/651 653/653/653 652/652/652 
f 653/653/653 651/651/651 650/650/650 
f 650/650/650 654/654/654 653/653/653 
f 655/655/655 649/649/649 647/647/647 
f 647/647/647 656/656/656 655/655/655 
f 656/656/656 647/647/647 646/646/646 
f 646/646/646 652/652/652 656/656/656 
f 657/657/657 658/658/658 659/659/659 
f 658/658/658 660/660/660 659/659/659 
f 661/661/661 662/662/662 659/659/659 
f 662/662/662 657/657/657 659/659/659 
f 663/663/663 657/657/657 662/662/662 
f 662/662/662 664/664/664 663/663/663 
f 664/664/664 662/662/662 661/661/661 
f 661/661/661 665/665/665 664/664/664 
f 666/666/666 660/660/660 658/658/658 
f 658/658/658 667/667/667 666/666/666 
f 667/667/667 658/658/658 657/657/657 
f 657/657/657 663/663/663 667/667/667 
f 668/668/668 669/669/669 670/670/670 
f 669/669/669 671/671/671 670/670/670 
f 672/672/672 673/673/673 670/670/670 
f 673/673/673 668/668/668 670/670/670 
f 674/674/674 668/668/668 673/673/673 
f 673/673/673 675/675/675 674/674/674 
f 675/675/675 673/673/673 672/672/672 
f 672/672/672 676/676/676 675/675/675 
f 677/677/677 671/671/671 669/669/669 
f 669/669/669 678/678/678 677/677/677 
f 678/678/678 669/669/669 668/668/668 
f 668/668/668 674/674/674 678/678/678 
f 679/679/679 680/680/680 681/681/681 
f 680/680/680 682/682/682 681/681/681 
f 683/683/683 684/684/684 681/681/681 
f 684/684/684 679/679/679 681/681/681 
f 685/685/685 679/679/679 684/684/684 
f 684/684/684 686/686/686 685/685/685 
f 686/686/686 684/684/684 683/683/683 
f 683/683/683 687/687/687 686/686/686 
f 688/688/688 682/682/682 680/680/680 
f 680/680/680 689/689/689 688/688/688 
f 689/689/689 680/680/680 679/679/679 
f 679/679/679 685/685/685 689/689/689 
f 690/690/690 691/691/691 692/692/692 
f 691/691/691 693/693/693 692/692/692 
f 694/694/694 695/695/695 692/692/692 
f 695/695/695 690/690/690 692/692/692 
f 696/696/696 690/690/690 695/695/695 
f 695/695/695 697/697/697 696/696/696 
f 697/697/697 695/695/695 694/694/694 
f 694/694/694 698/698/698 697/697/697 
f 699/699/699 693/693/693 691/691/691 
f 691/691/691 700/700/700 699/699/699 
f 700/700/700 691/691/691 690/690/690 
f 690/690/690 696/696/696 700/700/700 
f 701/701/701 702/702/702 703/703/703 
f 702/702/702 704/704/704 703/703/703 
f 705/705/705 706/706/706 703/703/703 
f 706/706/706 701/701/701 703/703/703 
f 707/707/707 701/701/701 706/706/706 
f 706/706/706 708/708/708 707/707/707 
f 708/708/708 706/706/706 705/705/705 
f 705/705/705 709/709/709 708/708/708 
f 710/710/710 704/704/704 702/702/702 
f 702/702/702 711/711/711 710/710/710 
f 711/711/711 702/702/702 701/701/701 
f 701/701/701 707/707/707 711/711/711 
f 712/712/712 713/713/713 714/714/714 
f 713/713/713 715/715/715 714/714/714 
f 716/716/716 717/717/717 714/714/714 
f 717/717/717 712/712/712 714/714/714 
f 718/718/718 712/712/712 717/717/717 
f 717/717/717 719/719/719 718/718/718 
f 719/719/719 717/717/717 716/716/716 
f 716/716/716 720/720/720 719/719/719 
f 721/721/721 715/715/715 713/713/713 
f 713/713/713 722/722/722 721/721/721 
f 722/722/722 713/713/713 712/712/712 
f 712/712/712 718/718/718 722/722/722 
f 723/723/723 724/724/724 725/725/725 
f 724/724/724 726/726/726 725/725/725 
f 727/727/727 728/728/728 725/725/725 
f 728/728/728 723/723/723 725/725/725 
f 729/729/729 723/723/723 728/728/728 
f 728/728/728 730/730/730 729/729/729 
f 730/730/730 728/728/728 727/727/727 
f 727/727/727 731/731/731 730/730/730 
f 732/732/732 726/726/726 724/724/724 
f 724/724/724 733/733/733 732/732/732 
f 733/733/733 724/724/724 723/723/723 
f 723/723/723 729/729/729 733/733/733 
f 734/734/734 735/735/735 736/736/736 
f 735/735/735 737/737/737 736/736/736 
f 738/738/738 739/739/739 736/736/736 
f 739/739/739 734/734/734 736/736/736 
f 740/740/740 734/734/734 739/739/739 
f 739/739/739 741/741/741 740/740/740 
f 741/741/741 739/739/739 738/738/738 
f 738/738/738 742/742/742 741/741/741 
f 743/743/743 737/737/737 735/735/735 
f 735/735/735 744/744/744 743/743/743 
f 744/744/744 735/735/735 734/734/734 
f 734/734/734 740/740/740 744/744/744 
f 745/745/745 746/746/746 747/747/747 
f 746/746/746 748/748/748 747/747/747 
f 749/749/749 750/750/750 747/747/747 
f 750/750/750 745/745/745 747/747/747 
f 751/751/751 745/745/745 750/750/750 
f 750/750/750 752/752/752 751/751/751 
f 752/752/752 750/750/750 749/749/749 
f 749/749/749 753/753/753 752/752/752 
f 754/754/754 748/748/748 746/746/746 
f 746/746/746 755/755/755 754/754/754 
f 755/755/755 746/746/746 745/745/745 
f 745/745/745 751/751/751 755/755/755 
f 756/756/756 757/757/757 758/758/758 
f 757/757/757 759/759/759 758/758/758 
f 760/760/760 761/761/761 758/758/758 
f 761/761/761 756/756/756 758/758/758 
f 762/762/762 756/756/756 761/761/761 
f 761/761/761 763/763/763 762/762/762 
f 763/763/763 761/761/761 760/760/760 
f 760/760/760 764/764/764 763/763/763 
f 765/765/765 759/759/759 757/757/757 
f 757/757/757 766/766/766 765/765/765 
f 766/766/766 757/757/757 756/756/756 
f 756/756/756 762/762/762 766/766/766 
f 767/767/767 768/768/768 769/769/769 
f 768/768/768 770/770/770 769/769/769 
f 771/771/771 772/772/772 769/769/769 
f 772/772/772 767/767/767 769/769/769 
f 773/773/773 767/767/767 772/772/772 
f 772/772/772 774/774/774 773/773/773 
f 774/774/774 772/772/772 771/771/771 
f 771/771/771 775/775/775 774/774/774 
f 776/776/776 770/770/770 768/768/768 
f 768/768/768 777/777/777 776/776/776 
f 777/777/777 768/768/768 767/767/767 
f 767/767/767 773/773/773 777/777/777 
f 778/778/778 779/779/779 780/780/780 
f 779/779/779 781/781/781 780/780/780 
f 782/782/782 783/783/783 780/780/780 
f 783/783/783 778/778/778 780/780/780 
f 784/784/784 778/778/778 783/783/783 
f 783/783/783 785/785/785 784/784/784 
f 785/785/785 783/783/783 782/782/782 
f 782/782/782 786/786/786 785/785/785 
f 787/787/787 781/781/781 779/779/779 
f 779/779/779 788/788/788 787/787/787 
f 788/788/788 779/779/779 778/778/778 
f 778/778/778 784/784/784 788/788/788 
f 789/789/789 790/790/790 791/791/791 
f 790/790/790 792/792/792 791/791/791 
f 793/793/793 794/794/794 791/791/791 
f 794/794/794 789/789/789 791/791/791 
f 795/795/795 789/789/789 794/794/794 
f 794/794/794 796/796/796 795/795/795 
f 796/796/796 794/794/794 793/793/793 
f 793/793/793 797/797/797 796/796/796 
f 798/798/798 792/792/792 790/790/790 
f 790/790/790 799/799/799 798/798/798 
f 799/799/799 790/790/790 789/789/789 
f 789/789/789 795/795/795 799/799/799 
f 800/800/800 801/801/801 802/802/802 
f 801/801/801 803/803/803 802/802/802 
f 804/804/804 805/805/805 802/802/802 
f 805/805/805 800/800/800 802/802/802 
f 806/806/806 800/800/800 805/805/805 
f 805/805/805 807/807/807 806/806/806 
f 807/807/807 805/805/805 804/804/804 
f 804/804/804 808/808/808 807/807/807 
f 809/809/809 803/803/803 801/801/801 
f 801/801/801 810/810/810 809/809/809 
f 810/810/810 801/801/801 800/800/800 
f 800/800/800 806/806/806 810/810/810 
f 811/811/811 812/812/812 813/813/813 
f 812/812/812 814/814/814 813/813/813 
f 815/815/815 816/816/816 813/813/813 
f 816/816/816 811/811/811 813/813/813 
f 817/817/817 811/811/811 816/816/816 
f 816/816/816 818/818/818 817/817/817 
f 818/818/818 816/816/816 815/815/815 
f 815/815/815 819/819/819 818/818/818 
f 820/820/820 814/814/814 812/812/812 
f 812/812/812 821/821/821 820/820/820 
f 821/821/821 812/812/812 811/811/811 
f 811/811/811 817/817/817 821/821/821 
f 822/822/822 823/823/823 824/824/824 
f 823/823/823 825/825/825 824/824/824 
f 825/825/825 826/826/826 824/824/824 
f 826/826/826 822/822/822 824/824/824 
f 827/827/827 822/822/822 826/826/826 
f 826/826/826 828/828/828 827/827/827 
f 828/828/828 826/826/826 825/825/825 
f 825/825/825 829/829/829 828/828/828 
f 829/829/829 825/825/825 823/823/823 
f 823/823/823 830/830/830 829/829/829 
f 830/830/830 823/823/823 822/822/822 
f 822/822/822 827/827/827 830/830/830 
f 831/831/831 832/832/832 833/833/833 
f 832/832/832 834/834/834 833/833/833 
f 834/834/834 835/835/835 833/833/833 
f 835/835/835 831/831/831 833/833/833 
f 836/836/836 831/831/831 835/835/835 
f 835/835/835 837/837/837 836/836/836 
f 837/837/837 835/835/835 834/834/834 
f 834/834/834 838/838/838 837/837/837 
f 838/838/838 834/834/834 832/832/832 
f 832/832/832 839/839/839 838/838/838 
f 839/839/839 832/832/832 831/831/831 
f 831/831/831 836/836/836 839/839/839 
f 840/840/840 841/841/841 842/842/842 
f 841/841/841 843/843/843 842/842/842 
f 844/844/844 845/845/845 842/842/842 
f 845/845/845 840/840/840 842/842/842 
f 846/846/846 847/847/847 840/840/840 
f 840/840/840 845/845/845 846/846/846 
f 846/846/846 845/845/845 844/844/844 
f 844/844/844 848/848/848 846/846/846 
f 849/849/849 850/850/850 843/843/843 
f 843/843/843 841/841/841 849/849/849 
f 849/849/849 841/841/841 840/840/840 
f 840/840/840 847/847/847 849/849/849 
f 851/851/851 852/852/852 853/853/853 
f 852/852/852 854/854/854 853/853/853 
f 855/855/855 856/856/856 853/853/853 
f 856/856/856 851/851/851 853/853/853 
f 857/857/857 858/858/858 851/851/851 
f 851/851/851 856/856/856 857/857/857 
f 857/857/857 856/856/856 855/855/855 
f 855/855/855 859/859/859 857/857/857 
f 860/860/860 861/861/861 854/854/854 
f 854/854/854 852/852/852 860/860/860 
f 860/860/860 852/852/852 851/851/851 
f 851/851/851 858/858/858 860/860/860 
f 862/862/862 863/863/863 864/864/864 
f 863/863/863 865/865/865 864/864/864 
f 866/866/866 867/867/867 864/864/864 
f 867/867/867 862/862/862 864/864/864 
f 868/868/868 869/869/869 862/862/862 
f 862/862/862 867/867/867 868/868/868 
f 868/868/868 867/867/867 866/866/866 
f 866/866/866 870/870/870 868/868/868 
f 871/871/871 872/872/872 865/865/865 
f 865/865/865 863/863/863 871/871/871 
f 871/871/871 863/863/863 862/862/862 
f 862/862/862 869/869/869 871/871/871 
f 873/873/873 874/874/874 875/875/875 
f 874/874/874 876/876/876 875/875/875 
f 877/877/877 878/878/878 875/875/875 
f 878/878/878 873/873/873 875/875/875 
f 879/879/879 880/880/880 873/873/873 
f 873/873/873 878/878/878 879/879/879 
f 879/879/879 878/878/878 877/877/877 
f 877/877/877 881/881/881 879/879/879 
f 882/882/882 883/883/883 876/876/876 
f 876/876/876 874/874/874 882/882/882 
f 882/882/882 874/874/874 873/873/873 
f 873/873/873 880/880/880 882/882/882 
f 884/884/884 885/885/885 886/886/886 
f 885/885/885 887/887/887 886/886/886 
f 888/888/888 889/889/889 886/886/886 
f 889/889/889 884/884/884 886/886/886 
f 890/890/890 891/891/891 884/884/884 
f 884/884/884 889/889/889 890/890/890 
f 890/890/890 889/889/889 888/888/888 
f 888/888/888 892/892/892 890/890/890 
f 893/893/893 894/894/894 887/887/887 
f 887/887/887 885/885/885 893/893/893 
f 893/893/893 885/885/885 884/884/884 
f 884/884/884 891/891/891 893/893/893 
f 895/895/895 896/896/896 897/897/897 
f 896/896/896 898/898/898 897/897/897 
f 899/899/899 900/900/900 897/897/897 
f 900/900/900 895/895/895 897/897/897 
f 901/901/901 902/902/902 895/895/895 
f 895/895/895 900/900/900 901/901/901 
f 901/901/901 900/900/900 899/899/899 
f 899/899/899 903/903/903 901/901/901 
f 904/904/904 905/905/905 898/898/898 
f 898/898/898 896/896/896 904/904/904 
f 904/904/904 896/896/896 895/895/895 
f 895/895/895 902/902/902 904/904/904 
f 906/906/906 907/907/907 908/908/908 
f 907/907/907 909/909/909 908/908/908 
f 910/910/910 911/911/911 908/908/908 
f 911/911/911 906/906/906 908/908/908 
f 912/912/912 913/913/913 906/906/906 
f 906/906/906 911/911/911 912/912/912 
f 912/912/912 911/911/911 910/910/910 
f 910/910/910 914/914/914 912/912/912 
f 915/915/915 916/916/916 909/909/909 
f 909/909/909 907/907/907 915/915/915 
f 915/915/915 907/907/907 906/906/906 
f 906/906/906 913/913/913 915/915/915 
f 917/917/917 918/918/918 919/919/919 
f 918/918/918 920/920/920 919/919/919 
f 921/921/921 922/922/922 919/919/919 
f 922/922/922 917/917/917 919/919/919 
f 923/923/923 924/924/924 917/917/917 
f 917/917/917 922/922/922 923/923/923 
f 923/923/923 922/922/922 921/921/921 
f 921/921/921 925/925/925 923/923/923 
f 926/926/926 927/927/927 920/920/920 
f 920/920/920 918/918/918 926/926/926 
f 926/926/926 918/918/918 917/917/917 
f 917/917/917 924/924/924 926/926/926 
f 928/928/928 929/929/929 930/930/930 
f 929/929/929 931/931/931 930/930/930 
f 932/932/932 933/933/933 930/930/930 
f 933/933/933 928/928/928 930/930/930 
f 934/934/934 935/935/935 928/928/928 
f 928/928/928 933/933/933 934/934/934 
f 934/934/934 933/933/933 932/932/932 
f 932/932/932 936/936/936 934/934/934 
f 937/937/937 938/938/938 931/931/931 
f 931/931/931 929/929/929 937/937/937 
f 937/937/937 929/929/929 928/928/928 
f 928/928/928 935/935/935 937/937/937 
f 939/939/939 940/940/940 941/941/941 
f 940/940/940 942/942/942 941/941/941 
f 943/943/943 944/944/944 941/941/941 
f 944/944/944 939/939/939 941/941/941 
f 945/945/945 946/946/946 939/939/939 
f 939/939/939 944/944/944 945/945/945 
f 945/945/945 944/944/944 943/943/943 
f 943/943/943 947/947/947 945/945/945 
f 948/948/948 949/949/949 942/942/942 
f 942/942/942 940/940/940 948/948/948 
f 948/948/948 940/940/940 939/939/939 
f 939/939/939 946/946/946 948/948/948 
f 950/950/950 951/951/951 952/952/952 
f 951/951/951 953/953/953 952/952/952 
f 954/954/954 955/955/955 952/952/952 
f 955/955/955 950/950/950 952/952/952 
f 956/956/956 957/957/957 950/950/950 
f 950/950/950 955/955/955 956/956/956 
f 956/956/956 955/955/955 954/954/954 
f 954/954/954 958/958/958 956/956/956 
f 959/959/959 960/960/960 953/953/953 
f 953/953/953 951/951/951 959/959/959 
f 959/959/959 951/951/951 950/950/950 
f 950/950/950 957/957/957 959/959/959 
f 961/961/961 962/962/962 963/963/963 
f 962/962/962 964/964/964 963/963/963 
f 965/965/965 966/966/966 963/963/963 
f 966/966/966 961/961/961 963/963/963 
f 967/967/967 968/968/968 961/961/961 
f 961/961/961 966/966/966 967/967/967 
f 967/967/967 966/966/966 965/965/965 
f 965/965/965 969/969/969 967/967/967 
f 970/970/970 971/971/971 964/964/964 
f 964/964/964 962/962/962 970/970/970 
f 970/970/970 962/962/962 961/961/961 
f 961/961/961 968/968/968 970/970/970 
f 972/972/972 973/973/973 974/974/974 
f 973/973/973 975/975/975 974/974/974 
f 976/976/976 977/977/977 974/974/974 
f 977/977/977 972/972/972 974/974/974 
f 978/978/978 979/979/979 972/972/972 
f 972/972/972 977/977/977 978/978/978 
f 978/978/978 977/977/977 976/976/976 
f 976/976/976 980/980/980 978/978/978 
f 981/981/981 982/982/982 975/975/975 
f 975/975/975 973/973/973 981/981/981 
f 981/981/981 973/973/973 972/972/972 
f 972/972/972 979/979/979 981/981/981 
f 983/983/983 984/984/984 985/985/985 
f 984/984/984 986/986/986 985/985/985 
f 987/987/987 988/988/988 985/985/985 
f 988/988/988 983/983/983 985/985/985 
f 989/989/989 990/990/990 983/983/983 
f 983/983/983 988/988/988 989/989/989 
f 989/989/989 988/988/988 987/987/987 
f 987/987/987 991/991/991 989/989/989 
f 992/992/992 993/993/993 986/986/986 
f 986/986/986 984/984/984 992/992/992 
f 992/992/992 984/984/984 983/983/983 
f 983/983/983 990/990/990 992/992/992 
f 994/994/994 995/995/995 996/996/996 
f 995/995/995 997/997/997 996/996/996 
f 998/998/998 999/999/999 996/996/996 
f 999/999/999 994/994/994 996/996/996 
f 1000/1000/1000 1001/1001/1001 994/994/994 
f 994/994/994 999/999/999 1000/1000/1000 
f 1000/1000/1000 999/999/999 998/998/998 
f 998/998/998 1002/1002/1002 1000/1000/1000 
f 1003/1003/1003 1004/1004/1004 997/997/997 
f 997/997/997 995/995/995 1003/1003/1003 
f 1003/1003/1003 995/995/995 994/994/994 
f 994/994/994 1001/1001/1001 1003/1003/1003 
f 1005/1005/1005 1006/1006/1006 1007/1007/1007 
f 1006/1006/1006 1008/1008/1008 1007/1007/1007 
f 1009/1009/1009 1010/1010/1010 1007/1007/1007 
f 1010/1010/1010 1005/1005/1005 1007/1007/1007 
f 1011/1011/1011 1012/1012/1012 1005/1005/1005 
f 1005/1005/1005 1010/1010/1010 1011/1011/1011 
f 1011/1011/1011 1010/1010/1010 1009/1009/1009 
f 1009/1009/1009 1013/1013/1013 1011/1011/1011 
f 1014/1014/1014 1015/1015/1015 1008/1008/1008 
f 1008/1008/1008 1006/1006/1006 1014/1014/1014 
f 1014/1014/1014 1006/1006/1006 1005/1005/1005 
f 1005/1005/1005 1012/1012/1012 1014/1014/1014 
f 1016/1016/1016 1017/1017/1017 1018/1018/1018 
f 1017/1017/1017 1019/1019/1019 1018/1018/1018 
f 1020/1020/1020 1021/1021/1021 1018/1018/1018 
f 1021/1021/1021 1016/1016/1016 1018/1018/1018 
f 1022/1022/1022 1023/1023/1023 1016/1016/1016 
f 1016/1016/1016 1021/1021/1021 1022/1022/1022 
f 1022/1022/1022 1021/1021/1021 1020/1020/1020 
f 1020/1020/1020 1024/1024/1024 1022/1022/1022 
f 1025/1025/1025 1026/1026/1026 1019/1019/1019 
f 1019/1019/1019 1017/1017/1017 1025/1025/1025 
f 1025/1025/1025 1017/1017/1017 1016/1016/1016 
f 1016/1016/1016 1023/1023/1023 1025/1025/1025 
f 1027/1027/1027 1028/1028/1028 1029/1029/1029 
f 1028/1028/1028 1030/1030/1030 1029/1029/1029 
f 1031/1031/1031 1032/1032/1032 1029/1029/1029 
f 1032/1032/1032 1027/1027/1027 1029/1029/1029 
f 1033/1033/1033 1034/1034/1034 1027/1027/1027 
f 1027/1027/1027 1032/1032/1032 1033/1033/1033 
f 1033/1033/1033 1032/1032/1032 1031/1031/1031 
f 1031/1031/1031 1035/1035/1035 1033/1033/1033 
f 1036/1036/1036 1037/1037/1037 1030/1030/1030 
f 1030/1030/1030 1028/1028/1028 1036/1036/1036 
f 1036/1036/1036 1028/1028/1028 1027/1027/1027 
f 1027/1027/1027 1034/1034/1034 1036/1036/1036 
f 1038/1038/1038 1039/1039/1039 1040/1040/1040 
f 1039/1039/1039 1041/1041/1041 1040/1040/1040 
f 1042/1042/1042 1043/1043/1043 1040/1040/1040 
f 1043/1043/1043 1038/1038/1038 1040/1040/1040 
f 1044/1044/1044 1045/1045/1045 1038/1038/1038 
f 1038/1038/1038 1043/1043/1043 1044/1044/1044 
f 1044/1044/1044 1043/1043/1043 1042/1042/1042 
f 1042/1042/1042 1046/1046/1046 1044/1044/1044 
f 1047/1047/1047 1048/1048/1048 1041/1041/1041 
f 1041/1041/1041 1039/1039/1039 1047/1047/1047 
f 1047/1047/1047 1039/1039/1039 1038/1038/1038 
f 1038/1038/1038 1045/1045/1045 1047/1047/1047 
f 1049/1049/1049 1050/1050/1050 1051/1051/1051 
f 1050/1050/1050 1052/1052/1052 1051/1051/1051 
f 1053/1053/1053 1054/1054/1054 1051/1051/1051 
f 1054/1054/1054 1049/1049/1049 1051/1051/1051 
f 1055/1055/1055 1056/1056/1056 1049/1049/1049 
f 1049/1049/1049 1054/1054/1054 1055/1055/1055 
f 1055/1055/1055 1054/1054/1054 1053/1053/1053 
f 1053/1053/1053 1057/1057/1057 1055/1055/1055 
f 1058/1058/1058 1059/1059/1059 1052/1052/1052 
f 1052/1052/1052 1050/1050/1050 1058/1058/1058 
f 1058/1058/1058 1050/1050/1050 1049/1049/1049 
f 1049/1049/1049 1056/1056/1056 1058/1058/1058 
f 1060/1060/1060 1061/1061/1061 1062/1062/1062 
f 1061/1061/1061 1063/1063/1063 1062/1062/1062 
f 1064/1064/1064 1065/1065/1065 1062/1062/1062 
f 1065/1065/1065 1060/1060/1060 1062/1062/1062 
f 1066/1066/1066 1067/1067/1067 1060/1060/1060 
f 1060/1060/1060 1065/1065/1065 1066/1066/1066 
f 1066/1066/1066 1065/1065/1065 1064/1064/1064 
f 1064/1064/1064 1068/1068/1068 1066/1066/1066 
f 1069/1069/1069 1070/1070/1070 1063/1063/1063 
f 1063/1063/1063 1061/1061/1061 1069/1069/1069 
f 1069/1069/1069 1061/1061/1061 1060/1060/1060 
f 1060/1060/1060 1067/1067/1067 1069/1069/1069 
f 1071/1071/1071 1072/1072/1072 1073/1073/1073 
f 1072/1072/1072 1074/1074/1074 1073/1073/1073 
f 1075/1075/1075 1076/1076/1076 1073/1073/1073 
f 1076/1076/1076 1071/1071/1071 1073/1073/1073 
f 1077/1077/1077 1078/1078/1078 1071/1071/1071 
f 1071/1071/1071 1076/1076/1076 1077/1077/1077 
f 1077/1077/1077 1076/1076/1076 1075/1075/1075 
f 1075/1075/1075 1079/1079/1079 1077/1077/1077 
f 1080/1080/1080 1081/1081/1081 1074/1074/1074 
f 1074/1074/1074 1072/1072/1072 1080/1080/1080 
f 1080/1080/1080 1072/1072/1072 1071/1071/1071 
f 1071/1071/1071 1078/1078/1078 1080/1080/1080 
f 1082/1082/1082 1083/1083/1083 1084/1084/1084 
f 1083/1083/1083 1085/1085/1085 1084/1084/1084 
f 1086/1086/1086 1087/1087/1087 1084/1084/1084 
f 1087/1087/1087 1082/1082/1082 1084/1084/1084 
f 1088/1088/1088 1089/1089/1089 1082/1082/1082 
f 1082/1082/1082 1087/1087/1087 1088/1088/1088 
f 1088/1088/1088 1087/1087/1087 1086/1086/1086 
f 1086/1086/1086 1090/1090/1090 1088/1088/1088 
f 1091/1091/1091 1092/1092/1092 1085/1085/1085 
f 1085/1085/1085 1083/1083/1083 1091/1091/1091 
f 1091/1091/1091 1083/1083/1083 1082/1082/1082 
f 1082/1082/1082 1089/1089/1089 1091/1091/1091 
f 1093/1093/1093 1094/1094/1094 1095/1095/1095 
f 1094/1094/1094 1096/1096/1096 1095/1095/1095 
f 1097/1097/1097 1098/1098/1098 1095/1095/1095 
f 1098/1098/1098 1093/1093/1093 1095/1095/1095 
f 1099/1099/1099 1100/1100/1100 1093/1093/1093 
f 1093/1093/1093 1098/1098/1098 1099/1099/1099 
f 1099/1099/1099 1098/1098/1098 1097/1097/1097 
f 1097/1097/1097 1101/1101/1101 1099/1099/1099 
f 1102/1102/1102 1103/1103/1103 1096/1096/1096 
f 1096/1096/1096 1094/1094/1094 1102/1102/1102 
f 1102/1102/1102 1094/1094/1094 1093/1093/1093 
f 1093/1093/1093 1100/1100/1100 1102/1102/1102 
f 1104/1104/1104 1105/1105/1105 1106/1106/1106 
f 1105/1105/1105 1107/1107/1107 1106/1106/1106 
f 1108/1108/1108 1109/1109/1109 1106/1106/1106 
f 1109/1109/1109 1104/1104/1104 1106/1106/1106 
f 1110/1110/1110 1111/1111/1111 1104/1104/1104 
f 1104/1104/1104 1109/1109/1109 1110/1110/1110 
f 1110/1110/1110 1109/1109/1109 1108/1108/1108 
f 1108/1108/1108 1112/1112/1112 1110/1110/1110 
f 1113/1113/1113 1114/1114/1114 1107/1107/1107 
f 1107/1107/1107 1105/1105/1105 1113/1113/1113 
f 1113/1113/1113 1105/1105/1105 1104/1104/1104 
f 1104/1104/1104 1111/1111/1111 1113/1113/1113 
f 1115/1115/1115 1116/1116/1116 1117/1117/1117 
f 1116/1116/1116 1118/1118/1118 1117/1117/1117 
f 1119/1119/1119 1120/1120/1120 1117/1117/1117 
f 1120/1120/1120 1115/1115/1115 1117/1117/1117 
f 1121/1121/1121 1122/1122/1122 1115/1115/1115 
f 1115/1115/1115 1120/1120/1120 1121/1121/1121 
f 1121/1121/1121 1120/1120/1120 1119/1119/1119 
f 1119/1119/1119 1123/1123/1123 1121/1121/1121 
f 1124/1124/1124 1125/1125/1125 1118/1118/1118 
f 1118/1118/1118 1116/1116/1116 1124/1124/1124 
f 1124/1124/1124 1116/1116/1116 1115/1115/1115 
f 1115/1115/1115 1122/1122/1122 1124/1124/1124 
f 1126/1126/1126 1127/1127/1127 1128/1128/1128 
f 1127/1127/1127 1129/1129/1129 1128/1128/1128 
f 1130/1130/1130 1131/1131/1131 1128/1128/1128 
f 1131/1131/1131 1126/1126/1126 1128/1128/1128 
f 1132/1132/1132 1133/1133/1133 1126/1126/1126 
f 1126/1126/1126 1131/1131/1131 1132/1132/1132 
f 1132/1132/1132 1131/1131/1131 1130/1130/1130 
f 1130/1130/1130 1134/1134/1134 1132/1132/1132 
f 1135/1135/1135 1136/1136/1136 1129/1129/1129 
f 1129/1129/1129 1127/1127/1127 1135/1135/1135 
f 1135/1135/1135 1127/1127/1127 1126/1126/1126 
f 1126/1126/1126 1133/1133/1133 1135/1135/1135 
f 1137/1137/1137 1138/1138/1138 1139/1139/1139 
f 1138/1138/1138 1140/1140/1140 1139/1139/1139 
f 1141/1141/1141 1142/1142/1142 1139/1139/1139 
f 1142/1142/1142 1137/1137/1137 1139/1139/1139 
f 1143/1143/1143 1144/1144/1144 1137/1137/1137 
f 1137/1137/1137 1142/1142/1142 1143/1143/1143 
f 1143/1143/1143 1142/1142/1142 1141/1141/1141 
f 1141/1141/1141 1145/1145/1145 1143/1143/1143 
f 1146/1146/1146 1147/1147/1147 1140/1140/1140 
f 1140/1140/1140 1138/1138/1138 1146/1146/1146 
f 1146/1146/1146 1138/1138/1138 1137/1137/1137 
f 1137/1137/1137 1144/1144/1144 1146/1146/1146 
f 1148/1148/1148 1149/1149/1149 1150/1150/1150 
f 1149/1149/1149 1151/1151/1151 1150/1150/1150 
f 1152/1152/1152 1153/1153/1153 1150/1150/1150 
f 1153/1153/1153 1148/1148/1148 1150/1150/1150 
f 1154/1154/1154 1155/1155/1155 1148/1148/1148 
f 1148/1148/1148 1153/1153/1153 1154/1154/1154 
f 1154/1154/1154 1153/1153/1153 1152/1152/1152 
f 1152/1152/1152 1156/1156/1156 1154/1154/1154 
f 1157/1157/1157 1158/1158/1158 1151/1151/1151 
f 1151/1151/1151 1149/1149/1149 1157/1157/1157 
f 1157/1157/1157 1149/1149/1149 1148/1148/1148 
f 1148/1148/1148 1155/1155/1155 1157/1157/1157 
f 1159/1159/1159 1160/1160/1160 1161/1161/1161 
f 1160/1160/1160 1162/1162/1162 1161/1161/1161 
f 1163/1163/1163 1164/1164/1164 1161/1161/1161 
f 1164/1164/1164 1159/1159/1159 1161/1161/1161 
f 1165/1165/1165 1166/1166/1166 1159/1159/1159 
f 1159/1159/1159 1164/1164/1164 1165/1165/1165 
f 1165/1165/1165 1164/1164/1164 1163/1163/1163 
f 1163/1163/1163 1167/1167/1167 1165/1165/1165 
f 1168/1168/1168 1169/1169/1169 1162/1162/1162 
f 1162/1162/1162 1160/1160/1160 1168/1168/1168 
f 1168/1168/1168 1160/1160/1160 1159/1159/1159 
f 1159/1159/1159 1166/1166/1166 1168/1168/1168 
f 1170/1170/1170 1171/1171/1171 1172/1172/1172 
f 1171/1171/1171 1173/1173/1173 1172/1172/1172 
f 1174/1174/1174 1175/1175/1175 1172/1172/1172 
f 1175/1175/1175 1170/1170/1170 1172/1172/1172 
f 1176/1176/1176 1177/1177/1177 1170/1170/1170 
f 1170/1170/1170 1175/1175/1175 1176/1176/1176 
f 1176/1176/1176 1175/1175/1175 1174/1174/1174 
f 1174/1174/1174 1178/1178/1178 1176/1176/1176 
f 1179/1179/1179 1180/1180/1180 1173/1173/1173 
f 1173/1173/1173 1171/1171/1171 1179/1179/1179 
f 1179/1179/1179 1171/1171/1171 1170/1170/1170 
f 1170/1170/1170 1177/1177/1177 1179/1179/1179 
f 1181/1181/1181 1182/1182/1182 1183/1183/1183 
f 1182/1182/1182 1184/1184/1184 1183/1183/1183 
f 1185/1185/1185 1186/1186/1186 1183/1183/1183 
f 1186/1186/1186 1181/1181/1181 1183/1183/1183 
f 1187/1187/1187 1188/1188/1188 1181/1181/1181 
f 1181/1181/1181 1186/1186/1186 1187/1187/1187 
f 1187/1187/1187 1186/1186/1186 1185/1185/1185 
f 1185/1185/1185 1189/1189/1189 1187/1187/1187 
f 1190/1190/1190 1191/1191/1191 1184/1184/1184 
f 1184/1184/1184 1182/1182/1182 1190/1190/1190 
f 1190/1190/1190 1182/1182/1182 1181/1181/1181 
f 1181/1181/1181 1188/1188/1188 1190/1190/1190 
f 1192/1192/1192 1193/1193/1193 1194/1194/1194 
f 1193/1193/1193 1195/1195/1195 1194/1194/1194 
f 1196/1196/1196 1197/1197/1197 1194/1194/1194 
f 1197/1197/1197 1192/1192/1192 1194/1194/1194 
f 1198/1198/1198 1199/1199/1199 1192/1192/1192 
f 1192/1192/1192 1197/1197/1197 1198/1198/1198 
f 1198/1198/1198 1197/1197/1197 1196/1196/1196 
f 1196/1196/1196 1200/1200/1200 1198/1198/1198 
f 1201/1201/1201 1202/1202/1202 1195/1195/1195 
f 1195/1195/1195 1193/1193/1193 1201/1201/1201 
f 1201/1201/1201 1193/1193/1193 1192/1192/1192 
f 1192/1192/1192 1199/1199/1199 1201/1201/1201 
f 1203/1203/1203 1204/1204/1204 1205/1205/1205 
f 1204/1204/1204 1206/1206/1206 1205/1205/1205 
f 1207/1207/1207 1208/1208/1208 1205/1205/1205 
f 1208/1208/1208 1203/1203/1203 1205/1205/1205 
f 1209/1209/1209 1210/1210/1210 1203/1203/1203 
f 1203/1203/1203 1208/1208/1208 1209/1209/1209 
f 1209/1209/1209 1208/1208/1208 1207/1207/1207 
f 1207/1207/1207 1211/1211/1211 1209/1209/1209 
f 1212/1212/1212 1213/1213/1213 1206/1206/1206 
f 1206/1206/1206 1204/1204/1204 1212/1212/1212 
f 1212/1212/1212 1204/1204/1204 1203/1203/1203 
f 1203/1203/1203 1210/1210/1210 1212/1212/1212 
f 1214/1214/1214 1215/1215/1215 1216/1216/1216 
f 1215/1215/1215 1217/1217/1217 1216/1216/1216 
f 1218/1218/1218 1219/1219/1219 1216/1216/1216 
f 1219/1219/1219 1214/1214/1214 1216/1216/1216 
f 1220/1220/1220 1221/1221/1221 1214/1214/1214 
f 1214/1214/1214 1219/1219/1219 1220/1220/1220 
f 1220/1220/1220 1219/1219/1219 1218/1218/1218 
f 1218/1218/1218 1222/1222/1222 1220/1220/1220 
f 1223/1223/1223 1224/1224/1224 1217/1217/1217 
f 1217/1217/1217 1215/1215/1215 1223/1223/1223 
f 1223/1223/1223 1215/1215/1215 1214/1214/1214 
f 1214/1214/1214 1221/1221/1221 1223/1223/1223 
f 1225/1225/1225 1226/1226/1226 1227/1227/1227 
f 1226/1226/1226 1228/1228/1228 1227/1227/1227 
f 1229/1229/1229 1230/1230/1230 1227/1227/1227 
f 1230/1230/1230 1225/1225/1225 1227/1227/1227 
f 1231/1231/1231 1232/1232/1232 1225/1225/1225 
f 1225/1225/1225 1230/1230/1230 1231/1231/1231 
f 1231/1231/1231 1230/1230/1230 1229/1229/1229 
f 1229/1229/1229 1233/1233/1233 1231/1231/1231 
f 1234/1234/1234 1235/1235/1235 1228/1228/1228 
f 1228/1228/1228 1226/1226/1226 1234/1234/1234 
f 1234/1234/1234 1226/1226/1226 1225/1225/1225 
f 1225/1225/1225 1232/1232/1232 1234/1234/1234 
f 1236/1236/1236 1237/1237/1237 1238/1238/1238 
f 1237/1237/1237 1239/1239/1239 1238/1238/1238 
f 1240/1240/1240 1241/1241/1241 1238/1238/1238 
f 1241/1241/1241 1236/1236/1236 1238/1238/1238 
f 1242/1242/1242 1243/1243/1243 1236/1236/1236 
f 1236/1236/1236 1241/1241/1241 1242/1242/1242 
f 1242/1242/1242 1241/1241/1241 1240/1240/1240 
f 1240/1240/1240 1244/1244/1244 1242/1242/1242 
f 1245/1245/1245 1246/1246/1246 1239/1239/1239 
f 1239/1239/1239 1237/1237/1237 1245/1245/1245 
f 1245/1245/1245 1237/1237/1237 1236/1236/1236 
f 1236/1236/1236 1243/1243/1243 1245/1245/1245 
f 1247/1247/1247 1248/1248/1248 1249/1249/1249 
f 1248/1248/1248 1250/1250/1250 1249/1249/1249 
f 1251/1251/1251 1252/1252/1252 1249/1249/1249 
f 1252/1252/1252 1247/1247/1247 1249/1249/1249 
f 1253/1253/1253 1254/1254/1254 1247/1247/1247 
f 1247/1247/1247 1252/1252/1252 1253/1253/1253 
f 1253/1253/1253 1252/1252/1252 1251/1251/1251 
f 1251/1251/1251 1255/1255/1255 1253/1253/1253 
f 1256/1256/1256 1257/1257/1257 1250/1250/1250 
f 1250/1250/1250 1248/1248/1248 1256/1256/1256 
f 1256/1256/1256 1248/1248/1248 1247/1247/1247 
f 1247/1247/1247 1254/1254/1254 1256/1256/1256 
f 1258/1258/1258 1259/1259/1259 1260/1260/1260 
f 1259/1259/1259 1261/1261/1261 1260/1260/1260 
f 1262/1262/1262 1263/1263/1263 1260/1260/1260 
f 1263/1263/1263 1258/1258/1258 1260/1260/1260 
f 1264/1264/1264 1265/1265/1265 1258/1258/1258 
f 1258/1258/1258 1263/1263/1263 1264/1264/1264 
f 1264/1264/1264 1263/1263/1263 1262/1262/1262 
f 1262/1262/1262 1266/1266/1266 1264/1264/1264 
f 1267/1267/1267 1268/1268/1268 1261/1261/1261 
f 1261/1261/1261 1259/1259/1259 1267/1267/1267 
f 1267/1267/1267 1259/1259/1259 1258/1258/1258 
f 1258/1258/1258 1265/1265/1265 1267/1267/1267 
f 1269/1269/1269 1270/1270/1270 1271/1271/1271 
f 1270/1270/1270 1272/1272/1272 1271/1271/1271 
f 1273/1273/1273 1274/1274/1274 1271/1271/1271 
f 1274/1274/1274 1269/1269/1269 1271/1271/1271 
f 1275/1275/1275 1276/1276/1276 1269/1269/1269 
f 1269/1269/1269 1274/1274/1274 1275/1275/1275 
f 1275/1275/1275 1274/1274/1274 1273/1273/1273 
f 1273/1273/1273 1277/1277/1277 1275/1275/1275 
f 1278/1278/1278 1279/1279/1279 1272/1272/1272 
f 1272/1272/1272 1270/1270/1270 1278/1278/1278 
f 1278/1278/1278 1270/1270/1270 1269/1269/1269 
f 1269/1269/1269 1276/1276/1276 1278/1278/1278 
f 1280/1280/1280 1281/1281/1281 1282/1282/1282 
f 1281/1281/1281 1283/1283/1283 1282/1282/1282 
f 1284/1284/1284 1285/1285/1285 1282/1282/1282 
f 1285/1285/1285 1280/1280/1280 1282/1282/1282 
f 1286/1286/1286 1287/1287/1287 1280/1280/1280 
f 1280/1280/1280 1285/1285/1285 1286/1286/1286 
f 1286/1286/1286 1285/1285/1285 1284/1284/1284 
f 1284/1284/1284 1288/1288/1288 1286/1286/1286 
f 1289/1289/1289 1290/1290/1290 1283/1283/1283 
f 1283/1283/1283 1281/1281/1281 1289/1289/1289 
f 1289/1289/1289 1281/1281/1281 1280/1280/1280 
f 1280/1280/1280 1287/1287/1287 1289/1289/1289 
f 472/472/472 450/450/450 449/449/449 
f 405/405/405 407/407/407 431/431/431 
f 406/406/406 1291/1291/1291 1292/1292/1292 
f 1292/1292/1292 407/407/407 406/406/406 
f 1292/1292/1292 1291/1291/1291 408/408/408 
f 408/408/408 411/411/411 1292/1292/1292 
f 411/411/411 410/410/410 432/432/432 
f 477/477/477 432/432/432 433/433/433 
f 433/433/433 456/456/456 477/477/477 
f 1293/1293/1293 407/407/407 1292/1292/1292 
f 1292/1292/1292 1294/1294/1294 1293/1293/1293 
f 1295/1295/1295 1294/1294/1294 1292/1292/1292 
f 1292/1292/1292 411/411/411 1295/1295/1295 
f 1296/1296/1296 431/431/431 407/407/407 
f 407/407/407 1293/1293/1293 1296/1296/1296 
f 1297/1297/1297 1295/1295/1295 411/411/411 
f 411/411/411 432/432/432 1297/1297/1297 
f 1298/1298/1298 1299/1299/1299 450/450/450 
f 450/450/450 472/472/472 1298/1298/1298 
f 1300/1300/1300 1297/1297/1297 432/432/432 
f 432/432/432 477/477/477 1300/1300/1300 
f 1300/1300/1300 477/477/477 455/455/455 
f 455/455/455 1301/1301/1301 1300/1300/1300 
f 1299/1299/1299 1302/1302/1302 451/451/451 
f 451/451/451 450/450/450 1299/1299/1299 
f 1303/1303/1303 454/454/454 451/451/451 
f 451/451/451 1302/1302/1302 1303/1303/1303 
f 1301/1301/1301 455/455/455 454/454/454 
f 454/454/454 1303/1303/1303 1301/1301/1301 
f 1304/1304/1304 448/448/448 431/431/431 
f 431/431/431 1296/1296/1296 1304/1304/1304 
f 1304/1304/1304 1298/1298/1298 472/472/472 
f 472/472/472 448/448/448 1304/1304/1304 
f 1305/1305/1305 1306/1306/1306 1293/1293/1293 
f 1293/1293/1293 1294/1294/1294 1305/1305/1305 
f 1305/1305/1305 1294/1294/1294 1295/1295/1295 
f 1295/1295/1295 1307/1307/1307 1305/1305/1305 
f 1306/1306/1306 1308/1308/1308 1296/1296/1296 
f 1296/1296/1296 1293/1293/1293 1306/1306/1306 
f 1307/1307/1307 1295/1295/1295 1297/1297/1297 
f 1297/1297/1297 1309/1309/1309 1307/1307/1307 
f 1310/1310/1310 1299/1299/1299 1298/1298/1298 
f 1298/1298/1298 1311/1311/1311 1310/1310/1310 
f 1309/1309/1309 1297/1297/1297 1300/1300/1300 
f 1300/1300/1300 1312/1312/1312 1309/1309/1309 
f 1313/1313/1313 1312/1312/1312 1300/1300/1300 
f 1300/1300/1300 1301/1301/1301 1313/1313/1313 
f 1314/1314/1314 1302/1302/1302 1299/1299/1299 
f 1299/1299/1299 1310/1310/1310 1314/1314/1314 
f 1314/1314/1314 1315/1315/1315 1303/1303/1303 
f 1303/1303/1303 1302/1302/1302 1314/1314/1314 
f 1315/1315/1315 1313/1313/1313 1301/1301/1301 
f 1301/1301/1301 1303/1303/1303 1315/1315/1315 
f 1308/1308/1308 1316/1316/1316 1304/1304/1304 
f 1304/1304/1304 1296/1296/1296 1308/1308/1308 
f 1311/1311/1311 1298/1298/1298 1304/1304/1304 
f 1304/1304/1304 1316/1316/1316 1311/1311/1311 
f 1317/1317/1317 1318/1318/1318 1319/1319/1319 
f 1319/1319/1319 1320/1320/1320 1317/1317/1317 
f 1321/1321/1321 1322/1322/1322 1323/1323/1323 
f 1323/1323/1323 1324/1324/1324 1321/1321/1321 
f 1325/1325/1325 1326/1326/1326 1318/1318/1318 
f 1318/1318/1318 1317/1317/1317 1325/1325/1325 
f 1327/1327/1327 1321/1321/1321 1324/1324/1324 
f 1324/1324/1324 1328/1328/1328 1327/1327/1327 
f 1329/1329/1329 1330/1330/1330 1331/1331/1331 
f 1331/1331/1331 1332/1332/1332 1329/1329/1329 
f 1327/1327/1327 1328/1328/1328 1333/1333/1333 
f 1333/1333/1333 1334/1334/1334 1327/1327/1327 
f 1335/1335/1335 1334/1334/1334 1333/1333/1333 
f 1333/1333/1333 1336/1336/1336 1335/1335/1335 
f 1337/1337/1337 1338/1338/1338 1330/1330/1330 
f 1330/1330/1330 1329/1329/1329 1337/1337/1337 
f 1339/1339/1339 1340/1340/1340 1341/1341/1341 
f 1341/1341/1341 1342/1342/1342 1339/1339/1339 
f 1340/1340/1340 1335/1335/1335 1336/1336/1336 
f 1336/1336/1336 1341/1341/1341 1340/1340/1340 
f 1325/1325/1325 1343/1343/1343 1344/1344/1344 
f 1344/1344/1344 1326/1326/1326 1325/1325/1325 
f 1332/1332/1332 1331/1331/1331 1344/1344/1344 
f 1344/1344/1344 1343/1343/1343 1332/1332/1332 
f 1345/1345/1345 1346/1346/1346 1347/1347/1347 
f 1347/1347/1347 1348/1348/1348 1345/1345/1345 
f 1349/1349/1349 1350/1350/1350 1351/1351/1351 
f 1351/1351/1351 1352/1352/1352 1349/1349/1349 
f 1353/1353/1353 1349/1349/1349 1352/1352/1352 
f 1352/1352/1352 1354/1354/1354 1353/1353/1353 
f 1354/1354/1354 1355/1355/1355 1353/1353/1353 
f 1356/1356/1356 1357/1357/1357 1346/1346/1346 
f 1346/1346/1346 1345/1345/1345 1356/1356/1356 
f 1358/1358/1358 1357/1357/1357 1356/1356/1356 
f 1349/1349/1349 1317/1317/1317 1320/1320/1320 
f 1320/1320/1320 1350/1350/1350 1349/1349/1349 
f 1353/1353/1353 1325/1325/1325 1317/1317/1317 
f 1317/1317/1317 1349/1349/1349 1353/1353/1353 
f 1355/1355/1355 1343/1343/1343 1325/1325/1325 
f 1325/1325/1325 1353/1353/1353 1355/1355/1355 
f 1355/1355/1355 1354/1354/1354 1332/1332/1332 
f 1332/1332/1332 1343/1343/1343 1355/1355/1355 
f 1354/1354/1354 1352/1352/1352 1329/1329/1329 
f 1329/1329/1329 1332/1332/1332 1354/1354/1354 
f 1352/1352/1352 1351/1351/1351 1337/1337/1337 
f 1337/1337/1337 1329/1329/1329 1352/1352/1352 
f 1346/1346/1346 1340/1340/1340 1339/1339/1339 
f 1339/1339/1339 1347/1347/1347 1346/1346/1346 
f 1357/1357/1357 1335/1335/1335 1340/1340/1340 
f 1340/1340/1340 1346/1346/1346 1357/1357/1357 
f 1358/1358/1358 1334/1334/1334 1335/1335/1335 
f 1335/1335/1335 1357/1357/1357 1358/1358/1358 
f 1358/1358/1358 1356/1356/1356 1327/1327/1327 
f 1327/1327/1327 1334/1334/1334 1358/1358/1358 
f 1356/1356/1356 1345/1345/1345 1321/1321/1321 
f 1321/1321/1321 1327/1327/1327 1356/1356/1356 
f 1345/1345/1345 1348/1348/1348 1322/1322/1322 
f 1322/1322/1322 1321/1321/1321 1345/1345/1345 
f 1359/1359/1359 1360/1360/1360 1361/1361/1361 
f 1361/1361/1361 1362/1362/1362 1359/1359/1359 
f 1363/1363/1363 1364/1364/1364 1361/1361/1361 
f 1361/1361/1361 1360/1360/1360 1363/1363/1363 
f 564/564/564 1365/1365/1365 1366/1366/1366 
f 1366/1366/1366 565/565/565 564/564/564 
f 1367/1367/1367 1368/1368/1368 1360/1360/1360 
f 1360/1360/1360 1359/1359/1359 1367/1367/1367 
f 1369/1369/1369 1363/1363/1363 1360/1360/1360 
f 1360/1360/1360 1368/1368/1368 1369/1369/1369 
f 1370/1370/1370 1371/1371/1371 1368/1368/1368 
f 1368/1368/1368 1367/1367/1367 1370/1370/1370 
f 1372/1372/1372 1369/1369/1369 1368/1368/1368 
f 1368/1368/1368 1371/1371/1371 1372/1372/1372 
f 1373/1373/1373 1374/1374/1374 1371/1371/1371 
f 1371/1371/1371 1370/1370/1370 1373/1373/1373 
f 1375/1375/1375 1372/1372/1372 1371/1371/1371 
f 1371/1371/1371 1374/1374/1374 1375/1375/1375 
f 1376/1376/1376 1362/1362/1362 1361/1361/1361 
f 1361/1361/1361 1377/1377/1377 1376/1376/1376 
f 1361/1361/1361 1364/1364/1364 1378/1378/1378 
f 1378/1378/1378 1377/1377/1377 1361/1361/1361 
f 1379/1379/1379 1376/1376/1376 1377/1377/1377 
f 1377/1377/1377 1380/1380/1380 1379/1379/1379 
f 1377/1377/1377 1378/1378/1378 1381/1381/1381 
f 1381/1381/1381 1380/1380/1380 1377/1377/1377 
f 563/563/563 1379/1379/1379 1380/1380/1380 
f 1380/1380/1380 564/564/564 563/563/563 
f 1380/1380/1380 1381/1381/1381 1365/1365/1365 
f 1365/1365/1365 564/564/564 1380/1380/1380 

